Timestamp,Location_ID,Latitude,Longitude,LULC_Type,Temperature,Humidity,Wind_Speed,Solar_Radiation,Precipitation,Air_Pressure,NDVI
2024-01-01 00:00:00,LOC_001,12.766461054232733,77.07805225646256,Grassland,18.17,45.27,1.08,0.0,0,1009.59,0.66
2024-01-01 00:05:00,LOC_001,12.766461054232733,77.07805225646256,Grassland,16.73,39.9,1.06,0.0,2,1020.88,0.67
2024-01-01 00:10:00,LOC_001,12.766461054232733,77.07805225646256,Grassland,16.77,56.42,1.41,0.0,1,1019.67,0.46
2024-01-01 00:15:00,LOC_001,12.766461054232733,77.07805225646256,Grassland,17.65,45.47,1.42,55.83,1,1011.22,0.3
2024-01-01 00:20:00,LOC_001,12.766461054232733,77.07805225646256,Grassland,16.54,46.84,1.78,31.23,0,1012.23,0.49
2024-01-01 00:25:00,LOC_001,12.766461054232733,77.07805225646256,Grassland,15.49,45.49,0.92,4.01,0,1022.0,0.21
2024-01-01 00:30:00,LOC_001,12.766461054232733,77.07805225646256,Grassland,13.22,51.06,1.49,0.0,1,1016.58,0.34
2024-01-01 00:35:00,LOC_001,12.766461054232733,77.07805225646256,Grassland,14.97,47.67,1.45,30.12,0,1015.1,0.75
2024-01-01 00:40:00,LOC_001,12.766461054232733,77.07805225646256,Grassland,16.92,51.38,2.23,0.0,1,1015.81,0.79
2024-01-01 00:45:00,LOC_001,12.766461054232733,77.07805225646256,Grassland,14.96,57.18,1.27,4.61,0,1012.76,0.67
2024-01-01 00:50:00,LOC_001,12.766461054232733,77.07805225646256,Grassland,16.7,55.34,1.27,0.0,1,1017.58,0.27
2024-01-01 00:55:00,LOC_001,12.766461054232733,77.07805225646256,Grassland,16.9,55.09,1.32,24.96,0,1017.53,0.68
2024-01-01 01:00:00,LOC_001,12.766461054232733,77.07805225646256,Grassland,17.29,45.16,1.45,0.0,0,1013.17,0.4
2024-01-01 01:05:00,LOC_001,12.766461054232733,77.07805225646256,Grassland,18.56,50.09,1.92,6.42,0,1009.34,0.65
2024-01-01 01:10:00,LOC_001,12.766461054232733,77.07805225646256,Grassland,16.84,61.84,1.48,0.0,0,1020.76,0.71
2024-01-01 01:15:00,LOC_001,12.766461054232733,77.07805225646256,Grassland,20.45,51.12,0.99,20.87,1,1016.02,0.33
2024-01-01 01:20:00,LOC_001,12.766461054232733,77.07805225646256,Grassland,19.77,51.46,1.72,40.48,1,1016.93,0.69
2024-01-01 01:25:00,LOC_001,12.766461054232733,77.07805225646256,Grassland,17.73,55.0,1.81,16.97,0,1019.18,0.28
2024-01-01 01:30:00,LOC_001,12.766461054232733,77.07805225646256,Grassland,19.92,51.84,1.91,28.68,0,1004.15,0.2
2024-01-01 01:35:00,LOC_001,12.766461054232733,77.07805225646256,Grassland,18.65,48.64,1.68,0.0,1,1009.89,0.39
2024-01-01 01:40:00,LOC_001,12.766461054232733,77.07805225646256,Grassland,19.98,57.98,1.43,26.39,0,1007.44,0.76
2024-01-01 01:45:00,LOC_001,12.766461054232733,77.07805225646256,Grassland,18.13,61.69,1.11,0.0,0,1032.65,0.64
2024-01-01 01:50:00,LOC_001,12.766461054232733,77.07805225646256,Grassland,18.44,56.4,1.32,0.0,0,1011.77,0.38
2024-01-01 01:55:00,LOC_001,12.766461054232733,77.07805225646256,Grassland,17.01,50.54,1.08,0.0,0,1014.2,0.37
2024-01-01 02:00:00,LOC_001,12.766461054232733,77.07805225646256,Grassland,20.26,58.4,1.14,0.0,0,1019.89,0.71
2024-01-01 02:05:00,LOC_001,12.766461054232733,77.07805225646256,Grassland,19.82,56.83,1.26,0.0,0,1008.54,0.25
2024-01-01 02:10:00,LOC_001,12.766461054232733,77.07805225646256,Grassland,21.22,65.64,2.35,39.06,1,1010.66,0.78
2024-01-01 02:15:00,LOC_001,12.766461054232733,77.07805225646256,Grassland,21.6,60.71,1.91,0.0,0,1003.54,0.61
2024-01-01 02:20:00,LOC_001,12.766461054232733,77.07805225646256,Grassland,20.57,60.03,1.08,0.0,0,1016.06,0.37
2024-01-01 02:25:00,LOC_001,12.766461054232733,77.07805225646256,Grassland,22.96,58.38,1.12,4.05,0,1013.41,0.48
2024-01-01 02:30:00,LOC_001,12.766461054232733,77.07805225646256,Grassland,21.61,53.13,0.9,0.0,0,1015.93,0.28
2024-01-01 02:35:00,LOC_001,12.766461054232733,77.07805225646256,Grassland,23.7,61.42,2.35,10.85,0,1019.68,0.51
2024-01-01 02:40:00,LOC_001,12.766461054232733,77.07805225646256,Grassland,23.11,60.13,1.84,7.66,1,1021.11,0.44
2024-01-01 02:45:00,LOC_001,12.766461054232733,77.07805225646256,Grassland,23.19,56.28,0.27,14.06,0,1015.03,0.58
2024-01-01 02:50:00,LOC_001,12.766461054232733,77.07805225646256,Grassland,19.87,63.95,0.49,0.0,0,1014.87,0.35
2024-01-01 02:55:00,LOC_001,12.766461054232733,77.07805225646256,Grassland,22.03,62.38,1.8,56.76,1,1015.14,0.64
2024-01-01 03:00:00,LOC_001,12.766461054232733,77.07805225646256,Grassland,23.97,77.59,2.47,7.71,2,1011.46,0.39
2024-01-01 03:05:00,LOC_001,12.766461054232733,77.07805225646256,Grassland,22.79,62.91,1.95,5.89,2,1004.34,0.62
2024-01-01 03:10:00,LOC_001,12.766461054232733,77.07805225646256,Grassland,25.15,62.22,1.61,26.0,0,1016.14,0.8
2024-01-01 03:15:00,LOC_001,12.766461054232733,77.07805225646256,Grassland,23.17,60.63,0.91,9.29,1,1019.87,0.4
2024-01-01 03:20:00,LOC_001,12.766461054232733,77.07805225646256,Grassland,23.56,64.82,2.62,0.0,0,1013.73,0.8
2024-01-01 03:25:00,LOC_001,12.766461054232733,77.07805225646256,Grassland,22.9,69.52,0.83,0.0,0,1005.44,0.67
2024-01-01 03:30:00,LOC_001,12.766461054232733,77.07805225646256,Grassland,22.55,61.52,0.59,0.0,0,1015.64,0.69
2024-01-01 03:35:00,LOC_001,12.766461054232733,77.07805225646256,Grassland,22.28,60.24,1.93,9.58,0,1010.66,0.46
2024-01-01 03:40:00,LOC_001,12.766461054232733,77.07805225646256,Grassland,22.98,59.5,0.93,20.83,0,999.41,0.42
2024-01-01 03:45:00,LOC_001,12.766461054232733,77.07805225646256,Grassland,22.23,58.04,1.56,0.0,0,1003.84,0.22
2024-01-01 03:50:00,LOC_001,12.766461054232733,77.07805225646256,Grassland,23.25,65.67,0.75,0.0,1,1016.51,0.43
2024-01-01 03:55:00,LOC_001,12.766461054232733,77.07805225646256,Grassland,24.82,63.47,1.26,0.0,1,1020.44,0.76
2024-01-01 04:00:00,LOC_001,12.766461054232733,77.07805225646256,Grassland,25.01,75.77,0.92,29.98,1,1017.13,0.43
2024-01-01 04:05:00,LOC_001,12.766461054232733,77.07805225646256,Grassland,24.07,59.75,2.24,0.0,0,1014.02,0.26
2024-01-01 04:10:00,LOC_001,12.766461054232733,77.07805225646256,Grassland,25.75,74.72,1.67,51.83,0,1014.5,0.58
2024-01-01 04:15:00,LOC_001,12.766461054232733,77.07805225646256,Grassland,25.2,61.93,1.38,36.63,0,1007.63,0.76
2024-01-01 04:20:00,LOC_001,12.766461054232733,77.07805225646256,Grassland,25.51,57.07,0.95,0.0,0,1014.64,0.44
2024-01-01 04:25:00,LOC_001,12.766461054232733,77.07805225646256,Grassland,24.39,61.63,1.5,0.0,0,1008.55,0.55
2024-01-01 04:30:00,LOC_001,12.766461054232733,77.07805225646256,Grassland,23.32,64.64,1.79,0.0,0,1009.73,0.22
2024-01-01 04:35:00,LOC_001,12.766461054232733,77.07805225646256,Grassland,25.9,67.62,1.3,0.0,0,1019.07,0.34
2024-01-01 04:40:00,LOC_001,12.766461054232733,77.07805225646256,Grassland,23.24,69.64,0.89,0.0,0,1008.61,0.33
2024-01-01 04:45:00,LOC_001,12.766461054232733,77.07805225646256,Grassland,24.46,65.83,1.56,0.0,0,1023.34,0.49
2024-01-01 04:50:00,LOC_001,12.766461054232733,77.07805225646256,Grassland,23.99,61.53,1.34,8.52,0,1011.68,0.39
2024-01-01 04:55:00,LOC_001,12.766461054232733,77.07805225646256,Grassland,22.13,66.42,1.16,6.62,0,1010.31,0.34
2024-01-01 05:00:00,LOC_001,12.766461054232733,77.07805225646256,Grassland,26.02,74.4,2.02,0.0,0,1014.9,0.28
2024-01-01 05:05:00,LOC_001,12.766461054232733,77.07805225646256,Grassland,24.4,64.5,1.61,0.0,1,1014.33,0.55
2024-01-01 05:10:00,LOC_001,12.766461054232733,77.07805225646256,Grassland,27.14,68.85,1.93,44.17,0,1011.99,0.55
2024-01-01 05:15:00,LOC_001,12.766461054232733,77.07805225646256,Grassland,26.88,76.11,0.96,0.0,1,1012.43,0.33
2024-01-01 05:20:00,LOC_001,12.766461054232733,77.07805225646256,Grassland,25.91,68.81,1.49,0.0,1,1022.64,0.73
2024-01-01 05:25:00,LOC_001,12.766461054232733,77.07805225646256,Grassland,27.73,71.35,1.61,14.72,1,1019.08,0.71
2024-01-01 05:30:00,LOC_001,12.766461054232733,77.07805225646256,Grassland,24.14,62.22,1.11,0.0,0,1013.23,0.32
2024-01-01 05:35:00,LOC_001,12.766461054232733,77.07805225646256,Grassland,26.38,77.35,1.18,0.0,0,1018.64,0.74
2024-01-01 05:40:00,LOC_001,12.766461054232733,77.07805225646256,Grassland,24.8,70.21,1.68,0.0,0,1012.42,0.44
2024-01-01 05:45:00,LOC_001,12.766461054232733,77.07805225646256,Grassland,25.48,71.57,2.13,0.0,1,1008.2,0.47
2024-01-01 05:50:00,LOC_001,12.766461054232733,77.07805225646256,Grassland,26.33,68.11,1.28,7.02,1,1008.61,0.35
2024-01-01 05:55:00,LOC_001,12.766461054232733,77.07805225646256,Grassland,26.33,75.11,0.86,10.96,0,1006.78,0.2
2024-01-01 06:00:00,LOC_001,12.766461054232733,77.07805225646256,Grassland,27.12,72.79,1.74,31.0,0,1015.91,0.7
2024-01-01 06:05:00,LOC_001,12.766461054232733,77.07805225646256,Grassland,26.12,71.9,0.84,0.0,0,1014.76,0.74
2024-01-01 06:10:00,LOC_001,12.766461054232733,77.07805225646256,Grassland,25.91,74.05,0.58,0.0,1,1021.47,0.55
2024-01-01 06:15:00,LOC_001,12.766461054232733,77.07805225646256,Grassland,27.65,64.52,0.92,0.0,0,1010.09,0.51
2024-01-01 06:20:00,LOC_001,12.766461054232733,77.07805225646256,Grassland,25.6,73.09,2.38,10.77,1,1005.45,0.22
2024-01-01 06:25:00,LOC_001,12.766461054232733,77.07805225646256,Grassland,26.37,64.25,1.13,20.99,0,1010.1,0.51
2024-01-01 06:30:00,LOC_001,12.766461054232733,77.07805225646256,Grassland,26.18,75.76,1.78,63.08,0,1016.89,0.5
2024-01-01 06:35:00,LOC_001,12.766461054232733,77.07805225646256,Grassland,25.93,73.08,0.1,1.41,0,1009.84,0.47
2024-01-01 06:40:00,LOC_001,12.766461054232733,77.07805225646256,Grassland,25.49,72.63,1.69,0.0,0,1019.61,0.64
2024-01-01 06:45:00,LOC_001,12.766461054232733,77.07805225646256,Grassland,25.93,62.79,1.78,30.47,1,1018.37,0.8
2024-01-01 06:50:00,LOC_001,12.766461054232733,77.07805225646256,Grassland,25.02,69.3,0.39,9.15,1,1010.36,0.26
2024-01-01 06:55:00,LOC_001,12.766461054232733,77.07805225646256,Grassland,25.19,63.76,1.42,42.84,0,1007.46,0.71
2024-01-01 07:00:00,LOC_001,12.766461054232733,77.07805225646256,Grassland,27.3,62.18,1.35,204.16,0,1011.23,0.79
2024-01-01 07:05:00,LOC_001,12.766461054232733,77.07805225646256,Grassland,28.15,69.29,0.6,220.38,0,1020.98,0.78
2024-01-01 07:10:00,LOC_001,12.766461054232733,77.07805225646256,Grassland,29.9,69.52,1.19,191.01,0,1015.79,0.69
2024-01-01 07:15:00,LOC_001,12.766461054232733,77.07805225646256,Grassland,26.38,73.29,1.52,213.77,0,1006.6,0.35
2024-01-01 07:20:00,LOC_001,12.766461054232733,77.07805225646256,Grassland,26.58,65.67,1.28,230.27,0,1006.26,0.48
2024-01-01 07:25:00,LOC_001,12.766461054232733,77.07805225646256,Grassland,25.52,63.95,0.48,179.72,0,1012.12,0.59
2024-01-01 07:30:00,LOC_001,12.766461054232733,77.07805225646256,Grassland,29.04,73.44,2.17,226.27,0,1008.75,0.68
2024-01-01 07:35:00,LOC_001,12.766461054232733,77.07805225646256,Grassland,27.7,75.84,2.22,233.45,0,1001.84,0.38
2024-01-01 07:40:00,LOC_001,12.766461054232733,77.07805225646256,Grassland,28.02,73.17,1.78,155.56,1,1021.16,0.68
2024-01-01 07:45:00,LOC_001,12.766461054232733,77.07805225646256,Grassland,29.59,64.17,1.07,215.67,0,1012.99,0.64
2024-01-01 07:50:00,LOC_001,12.766461054232733,77.07805225646256,Grassland,26.2,71.29,1.58,196.71,0,1014.54,0.23
2024-01-01 07:55:00,LOC_001,12.766461054232733,77.07805225646256,Grassland,29.32,59.95,1.61,209.26,0,1016.16,0.57
2024-01-01 08:00:00,LOC_001,12.766461054232733,77.07805225646256,Grassland,26.69,66.25,2.01,362.32,0,1012.88,0.64
2024-01-01 08:05:00,LOC_001,12.766461054232733,77.07805225646256,Grassland,27.75,75.52,1.02,370.06,0,1007.06,0.73
2024-01-01 08:10:00,LOC_001,12.766461054232733,77.07805225646256,Grassland,29.39,65.16,1.46,400.0,0,1008.46,0.33
2024-01-01 08:15:00,LOC_001,12.766461054232733,77.07805225646256,Grassland,29.23,59.06,1.91,439.76,0,1008.55,0.74
2024-01-01 08:20:00,LOC_001,12.766461054232733,77.07805225646256,Grassland,29.4,67.37,1.63,412.21,0,1012.88,0.6
2024-01-01 08:25:00,LOC_001,12.766461054232733,77.07805225646256,Grassland,29.29,66.49,2.16,334.09,0,1012.3,0.77
2024-01-01 08:30:00,LOC_001,12.766461054232733,77.07805225646256,Grassland,28.68,67.09,1.64,436.06,0,1005.61,0.23
2024-01-01 08:35:00,LOC_001,12.766461054232733,77.07805225646256,Grassland,30.81,67.85,1.41,460.83,0,1014.99,0.68
2024-01-01 08:40:00,LOC_001,12.766461054232733,77.07805225646256,Grassland,29.92,76.35,1.68,425.01,0,1019.45,0.68
2024-01-01 08:45:00,LOC_001,12.766461054232733,77.07805225646256,Grassland,27.58,70.48,0.75,375.81,1,1009.57,0.28
2024-01-01 08:50:00,LOC_001,12.766461054232733,77.07805225646256,Grassland,29.36,63.39,1.15,437.2,0,1013.19,0.6
2024-01-01 08:55:00,LOC_001,12.766461054232733,77.07805225646256,Grassland,28.55,63.05,3.1,383.55,2,1011.97,0.49
2024-01-01 09:00:00,LOC_001,12.766461054232733,77.07805225646256,Grassland,28.29,55.78,1.9,505.78,0,1013.96,0.35
2024-01-01 09:05:00,LOC_001,12.766461054232733,77.07805225646256,Grassland,29.49,69.22,1.54,582.58,1,1009.31,0.48
2024-01-01 09:10:00,LOC_001,12.766461054232733,77.07805225646256,Grassland,28.52,63.28,1.31,549.48,2,1012.86,0.79
2024-01-01 09:15:00,LOC_001,12.766461054232733,77.07805225646256,Grassland,29.87,66.32,1.61,513.49,0,1022.21,0.4
2024-01-01 09:20:00,LOC_001,12.766461054232733,77.07805225646256,Grassland,28.45,68.27,1.76,540.26,0,1014.88,0.71
2024-01-01 09:25:00,LOC_001,12.766461054232733,77.07805225646256,Grassland,29.44,74.86,1.02,589.98,0,1012.72,0.78
2024-01-01 09:30:00,LOC_001,12.766461054232733,77.07805225646256,Grassland,28.81,55.96,1.32,626.09,0,1007.35,0.42
2024-01-01 09:35:00,LOC_001,12.766461054232733,77.07805225646256,Grassland,30.41,71.56,0.98,571.39,0,1013.34,0.6
2024-01-01 09:40:00,LOC_001,12.766461054232733,77.07805225646256,Grassland,28.22,68.95,0.1,571.42,0,1016.86,0.38
2024-01-01 09:45:00,LOC_001,12.766461054232733,77.07805225646256,Grassland,28.96,53.23,0.46,545.4,1,1017.88,0.67
2024-01-01 09:50:00,LOC_001,12.766461054232733,77.07805225646256,Grassland,26.49,58.55,1.6,560.43,1,1007.28,0.48
2024-01-01 09:55:00,LOC_001,12.766461054232733,77.07805225646256,Grassland,27.45,62.3,1.7,558.79,0,1010.92,0.41
2024-01-01 10:00:00,LOC_001,12.766461054232733,77.07805225646256,Grassland,29.2,49.44,0.97,662.09,0,1014.08,0.76
2024-01-01 10:05:00,LOC_001,12.766461054232733,77.07805225646256,Grassland,28.54,55.84,1.64,717.91,1,1019.29,0.28
2024-01-01 10:10:00,LOC_001,12.766461054232733,77.07805225646256,Grassland,29.85,67.59,1.74,699.48,0,1011.09,0.61
2024-01-01 10:15:00,LOC_001,12.766461054232733,77.07805225646256,Grassland,28.66,60.57,2.04,677.82,0,1017.82,0.31
2024-01-01 10:20:00,LOC_001,12.766461054232733,77.07805225646256,Grassland,26.5,58.36,1.36,688.95,0,1007.07,0.47
2024-01-01 10:25:00,LOC_001,12.766461054232733,77.07805225646256,Grassland,29.31,54.48,0.65,710.9,0,1017.46,0.4
2024-01-01 10:30:00,LOC_001,12.766461054232733,77.07805225646256,Grassland,29.55,61.46,1.81,672.57,1,1021.22,0.6
2024-01-01 10:35:00,LOC_001,12.766461054232733,77.07805225646256,Grassland,29.24,56.51,0.95,760.72,0,1016.07,0.78
2024-01-01 10:40:00,LOC_001,12.766461054232733,77.07805225646256,Grassland,28.78,64.72,1.52,717.43,0,1014.64,0.69
2024-01-01 10:45:00,LOC_001,12.766461054232733,77.07805225646256,Grassland,28.49,62.63,1.35,734.57,1,1009.34,0.24
2024-01-01 10:50:00,LOC_001,12.766461054232733,77.07805225646256,Grassland,26.56,63.11,1.48,682.28,1,1010.26,0.54
2024-01-01 10:55:00,LOC_001,12.766461054232733,77.07805225646256,Grassland,28.41,58.42,2.25,730.59,1,1022.79,0.69
2024-01-01 11:00:00,LOC_001,12.766461054232733,77.07805225646256,Grassland,26.06,51.83,2.29,752.27,0,1012.56,0.32
2024-01-01 11:05:00,LOC_001,12.766461054232733,77.07805225646256,Grassland,25.56,48.65,1.84,792.38,0,1003.72,0.78
2024-01-01 11:10:00,LOC_001,12.766461054232733,77.07805225646256,Grassland,28.0,55.95,1.81,818.05,0,1005.06,0.72
2024-01-01 11:15:00,LOC_001,12.766461054232733,77.07805225646256,Grassland,25.65,63.47,1.52,733.91,0,1019.92,0.26
2024-01-01 11:20:00,LOC_001,12.766461054232733,77.07805225646256,Grassland,27.28,60.38,1.77,812.59,1,1012.3,0.62
2024-01-01 11:25:00,LOC_001,12.766461054232733,77.07805225646256,Grassland,25.47,52.86,2.26,779.76,0,1008.83,0.43
2024-01-01 11:30:00,LOC_001,12.766461054232733,77.07805225646256,Grassland,22.43,53.8,1.4,750.47,0,1021.48,0.26
2024-01-01 11:35:00,LOC_001,12.766461054232733,77.07805225646256,Grassland,27.73,57.53,2.06,802.3,1,1008.31,0.48
2024-01-01 11:40:00,LOC_001,12.766461054232733,77.07805225646256,Grassland,28.12,47.69,0.9,763.24,0,1009.22,0.65
2024-01-01 11:45:00,LOC_001,12.766461054232733,77.07805225646256,Grassland,26.8,51.2,0.72,753.47,1,1011.05,0.53
2024-01-01 11:50:00,LOC_001,12.766461054232733,77.07805225646256,Grassland,25.12,46.76,1.72,754.73,0,1017.19,0.45
2024-01-01 11:55:00,LOC_001,12.766461054232733,77.07805225646256,Grassland,26.78,61.21,1.41,794.21,0,1009.97,0.61
2024-01-01 12:00:00,LOC_001,12.766461054232733,77.07805225646256,Grassland,26.49,57.0,1.39,831.45,0,1014.96,0.76
2024-01-01 12:05:00,LOC_001,12.766461054232733,77.07805225646256,Grassland,23.91,48.1,0.7,833.96,0,1011.99,0.59
2024-01-01 12:10:00,LOC_001,12.766461054232733,77.07805225646256,Grassland,24.44,47.96,2.09,837.45,0,1010.03,0.64
2024-01-01 12:15:00,LOC_001,12.766461054232733,77.07805225646256,Grassland,24.53,51.39,0.98,793.27,1,1009.87,0.44
2024-01-01 12:20:00,LOC_001,12.766461054232733,77.07805225646256,Grassland,24.37,52.1,2.25,767.8,0,1013.78,0.36
2024-01-01 12:25:00,LOC_001,12.766461054232733,77.07805225646256,Grassland,24.23,52.86,2.02,789.09,0,1013.66,0.39
2024-01-01 12:30:00,LOC_001,12.766461054232733,77.07805225646256,Grassland,22.77,48.74,0.3,819.2,0,1009.96,0.47
2024-01-01 12:35:00,LOC_001,12.766461054232733,77.07805225646256,Grassland,25.73,55.35,1.62,781.88,1,1015.93,0.59
2024-01-01 12:40:00,LOC_001,12.766461054232733,77.07805225646256,Grassland,24.03,58.11,1.26,760.7,0,1004.28,0.22
2024-01-01 12:45:00,LOC_001,12.766461054232733,77.07805225646256,Grassland,25.61,48.07,1.43,838.15,1,1017.12,0.73
2024-01-01 12:50:00,LOC_001,12.766461054232733,77.07805225646256,Grassland,24.33,50.87,1.3,858.84,0,1008.61,0.7
2024-01-01 12:55:00,LOC_001,12.766461054232733,77.07805225646256,Grassland,22.74,56.19,1.75,821.83,1,1011.94,0.54
2024-01-01 13:00:00,LOC_001,12.766461054232733,77.07805225646256,Grassland,22.38,47.41,1.66,749.18,0,1008.11,0.49
2024-01-01 13:05:00,LOC_001,12.766461054232733,77.07805225646256,Grassland,21.17,44.84,0.9,785.49,0,1020.14,0.49
2024-01-01 13:10:00,LOC_001,12.766461054232733,77.07805225646256,Grassland,21.9,42.27,1.92,818.25,0,1022.76,0.38
2024-01-01 13:15:00,LOC_001,12.766461054232733,77.07805225646256,Grassland,20.84,46.17,1.11,769.31,0,1010.6,0.63
2024-01-01 13:20:00,LOC_001,12.766461054232733,77.07805225646256,Grassland,20.73,40.83,2.01,808.97,0,1012.19,0.26
2024-01-01 13:25:00,LOC_001,12.766461054232733,77.07805225646256,Grassland,19.77,50.74,0.97,746.9,0,1022.58,0.7
2024-01-01 13:30:00,LOC_001,12.766461054232733,77.07805225646256,Grassland,19.26,41.16,0.72,783.69,0,1005.95,0.25
2024-01-01 13:35:00,LOC_001,12.766461054232733,77.07805225646256,Grassland,19.97,36.42,1.57,723.29,0,1023.55,0.37
2024-01-01 13:40:00,LOC_001,12.766461054232733,77.07805225646256,Grassland,20.89,47.68,1.85,714.24,0,1013.8,0.64
2024-01-01 13:45:00,LOC_001,12.766461054232733,77.07805225646256,Grassland,21.42,49.39,1.69,732.44,0,1010.31,0.53
2024-01-01 13:50:00,LOC_001,12.766461054232733,77.07805225646256,Grassland,22.24,44.97,1.56,791.85,0,1017.92,0.33
2024-01-01 13:55:00,LOC_001,12.766461054232733,77.07805225646256,Grassland,23.01,51.76,1.38,829.47,0,1016.34,0.49
2024-01-01 14:00:00,LOC_001,12.766461054232733,77.07805225646256,Grassland,16.95,39.72,1.32,747.31,1,1009.16,0.52
2024-01-01 14:05:00,LOC_001,12.766461054232733,77.07805225646256,Grassland,18.14,50.03,1.99,703.06,1,1012.87,0.48
2024-01-01 14:10:00,LOC_001,12.766461054232733,77.07805225646256,Grassland,17.26,48.27,1.69,710.28,0,1010.26,0.58
2024-01-01 14:15:00,LOC_001,12.766461054232733,77.07805225646256,Grassland,18.84,33.03,2.25,690.51,0,1016.45,0.79
2024-01-01 14:20:00,LOC_001,12.766461054232733,77.07805225646256,Grassland,19.03,42.14,1.4,676.58,0,1013.03,0.67
2024-01-01 14:25:00,LOC_001,12.766461054232733,77.07805225646256,Grassland,17.53,45.7,0.62,703.09,0,1017.83,0.34
2024-01-01 14:30:00,LOC_001,12.766461054232733,77.07805225646256,Grassland,16.97,45.93,1.54,686.89,0,1015.51,0.37
2024-01-01 14:35:00,LOC_001,12.766461054232733,77.07805225646256,Grassland,18.97,43.63,2.04,683.76,0,1019.5,0.25
2024-01-01 14:40:00,LOC_001,12.766461054232733,77.07805225646256,Grassland,14.79,30.89,1.29,648.86,0,1015.06,0.23
2024-01-01 14:45:00,LOC_001,12.766461054232733,77.07805225646256,Grassland,17.95,37.01,2.2,737.04,0,1014.95,0.75
2024-01-01 14:50:00,LOC_001,12.766461054232733,77.07805225646256,Grassland,18.45,41.88,1.04,657.04,0,1017.85,0.42
2024-01-01 14:55:00,LOC_001,12.766461054232733,77.07805225646256,Grassland,15.3,39.42,1.54,655.97,0,1010.28,0.53
2024-01-01 15:00:00,LOC_001,12.766461054232733,77.07805225646256,Grassland,13.98,37.01,1.3,493.21,0,1014.84,0.48
2024-01-01 15:05:00,LOC_001,12.766461054232733,77.07805225646256,Grassland,13.55,30.0,1.62,509.86,0,1008.73,0.71
2024-01-01 15:10:00,LOC_001,12.766461054232733,77.07805225646256,Grassland,15.24,42.04,1.29,582.69,0,1006.46,0.8
2024-01-01 15:15:00,LOC_001,12.766461054232733,77.07805225646256,Grassland,14.53,30.04,1.39,603.51,0,1015.48,0.33
2024-01-01 15:20:00,LOC_001,12.766461054232733,77.07805225646256,Grassland,15.27,34.92,1.02,593.52,0,1006.14,0.74
2024-01-01 15:25:00,LOC_001,12.766461054232733,77.07805225646256,Grassland,13.87,40.83,1.5,542.59,0,1014.14,0.41
2024-01-01 15:30:00,LOC_001,12.766461054232733,77.07805225646256,Grassland,14.32,36.37,1.87,538.3,0,1010.71,0.57
2024-01-01 15:35:00,LOC_001,12.766461054232733,77.07805225646256,Grassland,13.06,37.72,1.43,567.76,1,1003.54,0.4
2024-01-01 15:40:00,LOC_001,12.766461054232733,77.07805225646256,Grassland,13.93,40.5,2.55,590.07,0,1012.59,0.29
2024-01-01 15:45:00,LOC_001,12.766461054232733,77.07805225646256,Grassland,14.11,38.5,1.33,575.35,1,1015.74,0.75
2024-01-01 15:50:00,LOC_001,12.766461054232733,77.07805225646256,Grassland,12.77,41.87,1.69,482.28,0,1016.19,0.51
2024-01-01 15:55:00,LOC_001,12.766461054232733,77.07805225646256,Grassland,12.51,30.0,1.05,535.16,2,1004.81,0.31
2024-01-01 16:00:00,LOC_001,12.766461054232733,77.07805225646256,Grassland,10.43,35.83,2.05,354.77,1,1010.42,0.32
2024-01-01 16:05:00,LOC_001,12.766461054232733,77.07805225646256,Grassland,10.85,39.79,1.62,383.8,2,1009.84,0.51
2024-01-01 16:10:00,LOC_001,12.766461054232733,77.07805225646256,Grassland,11.58,36.02,1.77,412.53,0,1009.55,0.28
2024-01-01 16:15:00,LOC_001,12.766461054232733,77.07805225646256,Grassland,10.77,30.0,1.67,385.05,1,1016.23,0.65
2024-01-01 16:20:00,LOC_001,12.766461054232733,77.07805225646256,Grassland,12.02,30.0,0.75,420.63,0,1007.92,0.61
2024-01-01 16:25:00,LOC_001,12.766461054232733,77.07805225646256,Grassland,12.3,31.99,1.17,403.68,0,1015.71,0.23
2024-01-01 16:30:00,LOC_001,12.766461054232733,77.07805225646256,Grassland,11.08,30.0,0.72,412.04,0,1012.99,0.37
2024-01-01 16:35:00,LOC_001,12.766461054232733,77.07805225646256,Grassland,12.28,32.62,0.56,415.43,0,1010.8,0.45
2024-01-01 16:40:00,LOC_001,12.766461054232733,77.07805225646256,Grassland,12.66,35.66,1.45,446.64,0,1005.03,0.59
2024-01-01 16:45:00,LOC_001,12.766461054232733,77.07805225646256,Grassland,11.67,33.98,1.42,413.4,0,1015.14,0.56
2024-01-01 16:50:00,LOC_001,12.766461054232733,77.07805225646256,Grassland,13.03,34.51,1.54,438.18,1,1010.65,0.7
2024-01-01 16:55:00,LOC_001,12.766461054232733,77.07805225646256,Grassland,8.94,43.57,1.72,368.77,0,1004.8,0.4
2024-01-01 17:00:00,LOC_001,12.766461054232733,77.07805225646256,Grassland,8.2,30.0,1.49,196.96,0,1018.84,0.79
2024-01-01 17:05:00,LOC_001,12.766461054232733,77.07805225646256,Grassland,7.07,35.62,1.67,213.53,0,1018.39,0.33
2024-01-01 17:10:00,LOC_001,12.766461054232733,77.07805225646256,Grassland,6.13,35.34,1.09,186.83,0,1015.98,0.21
2024-01-01 17:15:00,LOC_001,12.766461054232733,77.07805225646256,Grassland,10.64,30.0,2.3,196.13,0,1010.46,0.35
2024-01-01 17:20:00,LOC_001,12.766461054232733,77.07805225646256,Grassland,8.74,33.81,1.48,125.15,0,1018.97,0.47
2024-01-01 17:25:00,LOC_001,12.766461054232733,77.07805225646256,Grassland,8.09,36.08,2.09,152.09,0,1019.71,0.42
2024-01-01 17:30:00,LOC_001,12.766461054232733,77.07805225646256,Grassland,7.86,30.0,2.45,193.05,0,1008.57,0.21
2024-01-01 17:35:00,LOC_001,12.766461054232733,77.07805225646256,Grassland,8.4,30.0,1.52,175.19,0,1001.76,0.39
2024-01-01 17:40:00,LOC_001,12.766461054232733,77.07805225646256,Grassland,8.62,30.27,2.09,163.25,0,1012.52,0.72
2024-01-01 17:45:00,LOC_001,12.766461054232733,77.07805225646256,Grassland,7.67,34.87,1.75,203.56,0,1018.74,0.65
2024-01-01 17:50:00,LOC_001,12.766461054232733,77.07805225646256,Grassland,8.1,31.97,1.83,205.82,0,1009.96,0.29
2024-01-01 17:55:00,LOC_001,12.766461054232733,77.07805225646256,Grassland,8.61,46.61,0.87,224.8,0,1008.51,0.33
2024-01-01 18:00:00,LOC_001,12.766461054232733,77.07805225646256,Grassland,7.29,30.0,1.74,0.0,0,1011.58,0.28
2024-01-01 18:05:00,LOC_001,12.766461054232733,77.07805225646256,Grassland,7.76,30.0,1.0,16.18,1,1008.8,0.63
2024-01-01 18:10:00,LOC_001,12.766461054232733,77.07805225646256,Grassland,7.93,30.0,1.18,46.04,0,1008.52,0.28
2024-01-01 18:15:00,LOC_001,12.766461054232733,77.07805225646256,Grassland,7.45,33.28,1.96,0.0,0,1018.24,0.77
2024-01-01 18:20:00,LOC_001,12.766461054232733,77.07805225646256,Grassland,6.26,30.0,2.13,17.82,0,1010.1,0.59
2024-01-01 18:25:00,LOC_001,12.766461054232733,77.07805225646256,Grassland,5.3,30.0,1.52,16.92,0,1020.42,0.34
2024-01-01 18:30:00,LOC_001,12.766461054232733,77.07805225646256,Grassland,4.12,38.63,1.1,0.0,0,1012.97,0.74
2024-01-01 18:35:00,LOC_001,12.766461054232733,77.07805225646256,Grassland,5.67,30.0,1.99,0.5,0,1012.86,0.57
2024-01-01 18:40:00,LOC_001,12.766461054232733,77.07805225646256,Grassland,7.3,33.86,2.05,0.0,0,1007.69,0.42
2024-01-01 18:45:00,LOC_001,12.766461054232733,77.07805225646256,Grassland,6.87,30.0,1.87,0.0,2,1014.82,0.31
2024-01-01 18:50:00,LOC_001,12.766461054232733,77.07805225646256,Grassland,5.37,35.01,1.73,21.36,0,1009.75,0.32
2024-01-01 18:55:00,LOC_001,12.766461054232733,77.07805225646256,Grassland,5.8,30.0,1.05,35.33,0,1015.54,0.26
2024-01-01 19:00:00,LOC_001,12.766461054232733,77.07805225646256,Grassland,5.62,33.34,1.98,0.0,0,1015.37,0.59
2024-01-01 19:05:00,LOC_001,12.766461054232733,77.07805225646256,Grassland,6.84,39.38,2.21,0.0,0,1006.69,0.25
2024-01-01 19:10:00,LOC_001,12.766461054232733,77.07805225646256,Grassland,5.61,33.31,1.75,7.27,1,1003.26,0.34
2024-01-01 19:15:00,LOC_001,12.766461054232733,77.07805225646256,Grassland,5.17,30.0,1.89,0.0,0,1022.43,0.3
2024-01-01 19:20:00,LOC_001,12.766461054232733,77.07805225646256,Grassland,5.41,32.06,1.39,43.29,0,1013.53,0.34
2024-01-01 19:25:00,LOC_001,12.766461054232733,77.07805225646256,Grassland,4.66,34.62,1.32,0.0,0,1003.3,0.55
2024-01-01 19:30:00,LOC_001,12.766461054232733,77.07805225646256,Grassland,6.34,34.07,1.46,18.87,0,1013.42,0.52
2024-01-01 19:35:00,LOC_001,12.766461054232733,77.07805225646256,Grassland,7.12,37.27,1.06,0.0,0,1012.05,0.67
2024-01-01 19:40:00,LOC_001,12.766461054232733,77.07805225646256,Grassland,5.22,30.0,1.15,29.15,1,1019.51,0.44
2024-01-01 19:45:00,LOC_001,12.766461054232733,77.07805225646256,Grassland,8.13,41.09,0.51,1.18,0,1015.12,0.73
2024-01-01 19:50:00,LOC_001,12.766461054232733,77.07805225646256,Grassland,5.68,40.85,2.45,0.0,0,1018.53,0.37
2024-01-01 19:55:00,LOC_001,12.766461054232733,77.07805225646256,Grassland,8.74,30.0,2.15,0.0,0,1003.81,0.66
2024-01-01 20:00:00,LOC_001,12.766461054232733,77.07805225646256,Grassland,8.21,33.22,0.68,9.72,0,1012.87,0.71
2024-01-01 20:05:00,LOC_001,12.766461054232733,77.07805225646256,Grassland,8.86,36.66,1.03,0.0,2,1018.67,0.71
2024-01-01 20:10:00,LOC_001,12.766461054232733,77.07805225646256,Grassland,6.8,35.43,1.41,16.46,0,1009.79,0.72
2024-01-01 20:15:00,LOC_001,12.766461054232733,77.07805225646256,Grassland,6.89,31.17,1.99,0.0,0,1013.12,0.32
2024-01-01 20:20:00,LOC_001,12.766461054232733,77.07805225646256,Grassland,9.34,30.0,1.67,46.18,1,1009.43,0.79
2024-01-01 20:25:00,LOC_001,12.766461054232733,77.07805225646256,Grassland,7.83,30.0,1.83,6.23,0,1010.71,0.63
2024-01-01 20:30:00,LOC_001,12.766461054232733,77.07805225646256,Grassland,7.33,38.24,2.2,0.0,1,1007.69,0.55
2024-01-01 20:35:00,LOC_001,12.766461054232733,77.07805225646256,Grassland,5.85,30.0,2.43,35.81,2,1020.05,0.46
2024-01-01 20:40:00,LOC_001,12.766461054232733,77.07805225646256,Grassland,7.3,31.68,1.06,2.95,0,1014.34,0.23
2024-01-01 20:45:00,LOC_001,12.766461054232733,77.07805225646256,Grassland,7.85,40.11,1.7,5.51,4,1015.69,0.47
2024-01-01 20:50:00,LOC_001,12.766461054232733,77.07805225646256,Grassland,7.44,37.85,1.66,0.0,0,1017.42,0.27
2024-01-01 20:55:00,LOC_001,12.766461054232733,77.07805225646256,Grassland,6.28,30.0,1.56,0.0,0,1015.11,0.77
2024-01-01 21:00:00,LOC_001,12.766461054232733,77.07805225646256,Grassland,9.83,33.03,0.97,34.72,0,1019.06,0.23
2024-01-01 21:05:00,LOC_001,12.766461054232733,77.07805225646256,Grassland,9.3,34.28,1.37,0.0,0,1013.76,0.53
2024-01-01 21:10:00,LOC_001,12.766461054232733,77.07805225646256,Grassland,8.74,40.86,1.76,31.24,0,1012.45,0.38
2024-01-01 21:15:00,LOC_001,12.766461054232733,77.07805225646256,Grassland,7.41,40.99,1.37,26.32,0,1012.73,0.26
2024-01-01 21:20:00,LOC_001,12.766461054232733,77.07805225646256,Grassland,9.98,43.12,2.8,0.0,1,1010.93,0.38
2024-01-01 21:25:00,LOC_001,12.766461054232733,77.07805225646256,Grassland,9.95,38.89,1.41,60.39,0,1010.71,0.64
2024-01-01 21:30:00,LOC_001,12.766461054232733,77.07805225646256,Grassland,7.31,34.6,1.44,0.0,0,1015.77,0.79
2024-01-01 21:35:00,LOC_001,12.766461054232733,77.07805225646256,Grassland,10.5,33.43,2.63,6.27,1,1010.69,0.21
2024-01-01 21:40:00,LOC_001,12.766461054232733,77.07805225646256,Grassland,8.36,37.61,0.77,0.0,0,1019.04,0.21
2024-01-01 21:45:00,LOC_001,12.766461054232733,77.07805225646256,Grassland,7.84,31.82,1.74,27.1,1,1015.07,0.44
2024-01-01 21:50:00,LOC_001,12.766461054232733,77.07805225646256,Grassland,9.75,37.43,1.39,33.86,0,1009.41,0.23
2024-01-01 21:55:00,LOC_001,12.766461054232733,77.07805225646256,Grassland,9.38,34.62,1.21,0.0,1,1021.38,0.6
2024-01-01 22:00:00,LOC_001,12.766461054232733,77.07805225646256,Grassland,9.75,40.42,1.2,0.0,0,999.36,0.54
2024-01-01 22:05:00,LOC_001,12.766461054232733,77.07805225646256,Grassland,9.14,38.81,1.67,0.0,0,1012.58,0.71
2024-01-01 22:10:00,LOC_001,12.766461054232733,77.07805225646256,Grassland,10.47,42.19,1.98,21.74,0,1021.68,0.53
2024-01-01 22:15:00,LOC_001,12.766461054232733,77.07805225646256,Grassland,11.85,41.14,1.3,45.38,0,1017.87,0.44
2024-01-01 22:20:00,LOC_001,12.766461054232733,77.07805225646256,Grassland,10.76,39.9,2.31,33.96,0,1012.2,0.34
2024-01-01 22:25:00,LOC_001,12.766461054232733,77.07805225646256,Grassland,11.58,44.07,1.23,28.93,2,1017.17,0.74
2024-01-01 22:30:00,LOC_001,12.766461054232733,77.07805225646256,Grassland,11.74,47.13,1.75,34.54,0,1008.92,0.68
2024-01-01 22:35:00,LOC_001,12.766461054232733,77.07805225646256,Grassland,11.18,31.56,1.18,0.0,0,1012.05,0.69
2024-01-01 22:40:00,LOC_001,12.766461054232733,77.07805225646256,Grassland,11.56,42.62,1.18,7.23,1,1008.26,0.75
2024-01-01 22:45:00,LOC_001,12.766461054232733,77.07805225646256,Grassland,12.77,36.22,2.07,19.3,0,1012.53,0.72
2024-01-01 22:50:00,LOC_001,12.766461054232733,77.07805225646256,Grassland,12.44,36.72,1.46,54.31,0,1016.55,0.66
2024-01-01 22:55:00,LOC_001,12.766461054232733,77.07805225646256,Grassland,12.96,44.24,1.94,16.45,2,1015.12,0.54
2024-01-01 23:00:00,LOC_001,12.766461054232733,77.07805225646256,Grassland,13.24,40.46,2.01,35.9,1,1010.98,0.46
2024-01-01 23:05:00,LOC_001,12.766461054232733,77.07805225646256,Grassland,14.85,47.85,1.74,23.69,1,1006.8,0.36
2024-01-01 23:10:00,LOC_001,12.766461054232733,77.07805225646256,Grassland,13.36,46.39,1.32,0.0,0,1012.44,0.33
2024-01-01 23:15:00,LOC_001,12.766461054232733,77.07805225646256,Grassland,11.25,39.56,0.83,0.0,0,1020.81,0.25
2024-01-01 23:20:00,LOC_001,12.766461054232733,77.07805225646256,Grassland,11.59,39.65,1.14,0.0,1,1014.44,0.23
2024-01-01 23:25:00,LOC_001,12.766461054232733,77.07805225646256,Grassland,12.5,48.07,1.71,0.0,1,1011.23,0.79
2024-01-01 23:30:00,LOC_001,12.766461054232733,77.07805225646256,Grassland,14.16,35.87,1.55,0.0,0,1005.21,0.39
2024-01-01 23:35:00,LOC_001,12.766461054232733,77.07805225646256,Grassland,12.71,45.25,1.66,10.95,0,1009.92,0.29
2024-01-01 23:40:00,LOC_001,12.766461054232733,77.07805225646256,Grassland,12.92,39.95,1.59,32.69,0,1013.09,0.33
2024-01-01 23:45:00,LOC_001,12.766461054232733,77.07805225646256,Grassland,11.47,40.57,1.75,12.36,0,1009.98,0.44
2024-01-01 23:50:00,LOC_001,12.766461054232733,77.07805225646256,Grassland,12.57,42.17,1.74,0.0,0,1015.94,0.54
2024-01-01 23:55:00,LOC_001,12.766461054232733,77.07805225646256,Grassland,12.28,39.13,2.74,0.0,0,1014.97,0.48
2024-01-01 00:00:00,LOC_002,17.7649992486764,75.30321740655323,Grassland,18.17,48.02,0.94,2.76,0,1014.56,0.72
2024-01-01 00:05:00,LOC_002,17.7649992486764,75.30321740655323,Grassland,17.78,46.97,1.45,21.21,0,1012.31,0.29
2024-01-01 00:10:00,LOC_002,17.7649992486764,75.30321740655323,Grassland,16.01,51.36,1.23,33.3,0,1014.27,0.28
2024-01-01 00:15:00,LOC_002,17.7649992486764,75.30321740655323,Grassland,15.56,38.32,1.29,0.0,0,1015.58,0.68
2024-01-01 00:20:00,LOC_002,17.7649992486764,75.30321740655323,Grassland,16.42,47.07,1.65,0.0,1,1012.58,0.73
2024-01-01 00:25:00,LOC_002,17.7649992486764,75.30321740655323,Grassland,15.99,55.88,1.99,0.0,2,1009.49,0.75
2024-01-01 00:30:00,LOC_002,17.7649992486764,75.30321740655323,Grassland,15.61,43.6,1.58,18.22,0,1012.06,0.35
2024-01-01 00:35:00,LOC_002,17.7649992486764,75.30321740655323,Grassland,16.92,56.71,1.44,12.5,1,1009.53,0.24
2024-01-01 00:40:00,LOC_002,17.7649992486764,75.30321740655323,Grassland,16.82,55.65,2.16,39.04,0,1011.23,0.8
2024-01-01 00:45:00,LOC_002,17.7649992486764,75.30321740655323,Grassland,15.97,52.86,2.3,0.0,0,1007.55,0.22
2024-01-01 00:50:00,LOC_002,17.7649992486764,75.30321740655323,Grassland,16.36,56.09,1.96,16.95,2,1018.59,0.66
2024-01-01 00:55:00,LOC_002,17.7649992486764,75.30321740655323,Grassland,17.15,55.41,1.32,5.57,1,1013.14,0.68
2024-01-01 01:00:00,LOC_002,17.7649992486764,75.30321740655323,Grassland,17.87,44.33,1.0,3.47,0,1019.89,0.53
2024-01-01 01:05:00,LOC_002,17.7649992486764,75.30321740655323,Grassland,18.33,53.01,1.93,0.0,0,1018.99,0.67
2024-01-01 01:10:00,LOC_002,17.7649992486764,75.30321740655323,Grassland,17.03,57.41,1.61,21.98,1,1011.37,0.37
2024-01-01 01:15:00,LOC_002,17.7649992486764,75.30321740655323,Grassland,18.23,45.73,1.13,0.0,0,1010.0,0.36
2024-01-01 01:20:00,LOC_002,17.7649992486764,75.30321740655323,Grassland,16.27,55.25,1.21,0.0,0,1010.93,0.41
2024-01-01 01:25:00,LOC_002,17.7649992486764,75.30321740655323,Grassland,20.42,62.85,2.06,13.17,1,1021.16,0.65
2024-01-01 01:30:00,LOC_002,17.7649992486764,75.30321740655323,Grassland,18.72,56.2,0.84,0.0,1,1014.18,0.31
2024-01-01 01:35:00,LOC_002,17.7649992486764,75.30321740655323,Grassland,17.36,56.45,2.01,6.09,0,1011.96,0.24
2024-01-01 01:40:00,LOC_002,17.7649992486764,75.30321740655323,Grassland,17.6,62.83,1.9,7.97,1,1010.9,0.47
2024-01-01 01:45:00,LOC_002,17.7649992486764,75.30321740655323,Grassland,19.29,46.15,1.73,12.39,0,1010.76,0.69
2024-01-01 01:50:00,LOC_002,17.7649992486764,75.30321740655323,Grassland,18.62,55.13,1.98,0.0,0,1001.89,0.48
2024-01-01 01:55:00,LOC_002,17.7649992486764,75.30321740655323,Grassland,19.28,51.89,1.59,0.0,0,1014.74,0.59
2024-01-01 02:00:00,LOC_002,17.7649992486764,75.30321740655323,Grassland,21.18,57.58,1.68,87.47,0,1008.37,0.63
2024-01-01 02:05:00,LOC_002,17.7649992486764,75.30321740655323,Grassland,20.82,65.53,1.2,0.0,0,1008.95,0.26
2024-01-01 02:10:00,LOC_002,17.7649992486764,75.30321740655323,Grassland,20.63,55.89,1.64,5.84,0,1018.9,0.58
2024-01-01 02:15:00,LOC_002,17.7649992486764,75.30321740655323,Grassland,19.86,64.98,1.83,28.89,1,1011.28,0.44
2024-01-01 02:20:00,LOC_002,17.7649992486764,75.30321740655323,Grassland,20.96,61.11,0.65,35.23,0,1013.41,0.27
2024-01-01 02:25:00,LOC_002,17.7649992486764,75.30321740655323,Grassland,21.94,51.73,1.0,23.64,0,1012.43,0.55
2024-01-01 02:30:00,LOC_002,17.7649992486764,75.30321740655323,Grassland,20.86,53.55,2.05,2.5,0,1017.84,0.22
2024-01-01 02:35:00,LOC_002,17.7649992486764,75.30321740655323,Grassland,21.37,64.44,1.49,33.39,3,1014.96,0.3
2024-01-01 02:40:00,LOC_002,17.7649992486764,75.30321740655323,Grassland,21.51,55.64,0.93,25.65,0,1014.26,0.39
2024-01-01 02:45:00,LOC_002,17.7649992486764,75.30321740655323,Grassland,20.22,61.56,1.75,0.0,0,1007.42,0.78
2024-01-01 02:50:00,LOC_002,17.7649992486764,75.30321740655323,Grassland,21.43,55.76,1.43,0.0,0,1016.57,0.43
2024-01-01 02:55:00,LOC_002,17.7649992486764,75.30321740655323,Grassland,21.71,56.67,1.33,29.86,0,1012.28,0.38
2024-01-01 03:00:00,LOC_002,17.7649992486764,75.30321740655323,Grassland,25.23,64.53,0.78,9.2,0,1020.66,0.7
2024-01-01 03:05:00,LOC_002,17.7649992486764,75.30321740655323,Grassland,22.17,65.44,1.09,81.72,0,1011.33,0.31
2024-01-01 03:10:00,LOC_002,17.7649992486764,75.30321740655323,Grassland,24.71,68.11,1.05,45.42,0,1003.91,0.78
2024-01-01 03:15:00,LOC_002,17.7649992486764,75.30321740655323,Grassland,23.65,58.1,1.35,0.0,0,1018.48,0.67
2024-01-01 03:20:00,LOC_002,17.7649992486764,75.30321740655323,Grassland,23.53,64.04,1.36,64.65,0,1003.6,0.54
2024-01-01 03:25:00,LOC_002,17.7649992486764,75.30321740655323,Grassland,25.46,63.8,1.49,0.0,0,1014.49,0.76
2024-01-01 03:30:00,LOC_002,17.7649992486764,75.30321740655323,Grassland,22.26,60.76,1.01,0.0,1,1017.23,0.66
2024-01-01 03:35:00,LOC_002,17.7649992486764,75.30321740655323,Grassland,21.38,59.97,0.96,13.24,0,1011.12,0.2
2024-01-01 03:40:00,LOC_002,17.7649992486764,75.30321740655323,Grassland,25.42,70.41,0.56,0.0,0,1013.0,0.55
2024-01-01 03:45:00,LOC_002,17.7649992486764,75.30321740655323,Grassland,24.88,61.37,2.47,2.92,1,1006.54,0.61
2024-01-01 03:50:00,LOC_002,17.7649992486764,75.30321740655323,Grassland,22.11,64.71,1.66,15.1,0,1005.07,0.57
2024-01-01 03:55:00,LOC_002,17.7649992486764,75.30321740655323,Grassland,24.5,64.94,2.58,58.89,0,1017.61,0.37
2024-01-01 04:00:00,LOC_002,17.7649992486764,75.30321740655323,Grassland,25.73,65.31,1.5,9.49,0,1016.04,0.35
2024-01-01 04:05:00,LOC_002,17.7649992486764,75.30321740655323,Grassland,25.65,68.24,1.43,34.74,0,1019.78,0.21
2024-01-01 04:10:00,LOC_002,17.7649992486764,75.30321740655323,Grassland,25.99,74.95,0.85,6.55,0,1009.48,0.57
2024-01-01 04:15:00,LOC_002,17.7649992486764,75.30321740655323,Grassland,24.21,67.28,1.91,5.68,0,1011.58,0.37
2024-01-01 04:20:00,LOC_002,17.7649992486764,75.30321740655323,Grassland,25.48,67.47,1.79,5.49,1,1013.59,0.53
2024-01-01 04:25:00,LOC_002,17.7649992486764,75.30321740655323,Grassland,25.92,63.98,1.27,0.0,0,1013.72,0.32
2024-01-01 04:30:00,LOC_002,17.7649992486764,75.30321740655323,Grassland,24.28,72.13,2.05,0.0,1,1003.44,0.3
2024-01-01 04:35:00,LOC_002,17.7649992486764,75.30321740655323,Grassland,24.55,68.64,1.43,0.0,0,1011.05,0.64
2024-01-01 04:40:00,LOC_002,17.7649992486764,75.30321740655323,Grassland,24.54,71.43,1.49,0.0,0,1019.73,0.49
2024-01-01 04:45:00,LOC_002,17.7649992486764,75.30321740655323,Grassland,24.36,62.49,1.46,53.91,0,1015.09,0.38
2024-01-01 04:50:00,LOC_002,17.7649992486764,75.30321740655323,Grassland,24.86,64.68,1.92,20.68,0,1010.71,0.64
2024-01-01 04:55:00,LOC_002,17.7649992486764,75.30321740655323,Grassland,22.53,68.52,1.74,0.0,0,1011.62,0.23
2024-01-01 05:00:00,LOC_002,17.7649992486764,75.30321740655323,Grassland,26.45,71.67,1.61,0.0,0,1011.87,0.75
2024-01-01 05:05:00,LOC_002,17.7649992486764,75.30321740655323,Grassland,23.62,80.89,2.18,0.0,0,1008.8,0.32
2024-01-01 05:10:00,LOC_002,17.7649992486764,75.30321740655323,Grassland,27.06,63.67,2.58,0.0,1,1014.61,0.44
2024-01-01 05:15:00,LOC_002,17.7649992486764,75.30321740655323,Grassland,25.58,70.45,1.33,31.32,0,1016.7,0.65
2024-01-01 05:20:00,LOC_002,17.7649992486764,75.30321740655323,Grassland,24.33,68.06,2.22,0.0,0,1015.09,0.76
2024-01-01 05:25:00,LOC_002,17.7649992486764,75.30321740655323,Grassland,26.41,66.9,2.63,24.56,1,1018.99,0.52
2024-01-01 05:30:00,LOC_002,17.7649992486764,75.30321740655323,Grassland,26.08,67.25,1.54,51.49,0,1013.33,0.42
2024-01-01 05:35:00,LOC_002,17.7649992486764,75.30321740655323,Grassland,26.95,67.57,1.38,0.0,0,1011.02,0.58
2024-01-01 05:40:00,LOC_002,17.7649992486764,75.30321740655323,Grassland,27.13,66.08,1.81,0.0,0,1015.52,0.66
2024-01-01 05:45:00,LOC_002,17.7649992486764,75.30321740655323,Grassland,23.96,67.52,1.6,0.0,0,1012.92,0.55
2024-01-01 05:50:00,LOC_002,17.7649992486764,75.30321740655323,Grassland,26.27,73.71,1.72,0.0,0,1010.19,0.64
2024-01-01 05:55:00,LOC_002,17.7649992486764,75.30321740655323,Grassland,27.25,76.21,1.34,0.0,0,1008.32,0.64
2024-01-01 06:00:00,LOC_002,17.7649992486764,75.30321740655323,Grassland,24.48,69.02,1.44,0.0,0,1009.55,0.28
2024-01-01 06:05:00,LOC_002,17.7649992486764,75.30321740655323,Grassland,26.11,74.17,1.09,0.0,0,1006.65,0.62
2024-01-01 06:10:00,LOC_002,17.7649992486764,75.30321740655323,Grassland,25.5,62.55,1.33,4.7,0,1018.16,0.63
2024-01-01 06:15:00,LOC_002,17.7649992486764,75.30321740655323,Grassland,25.92,62.46,1.69,8.17,1,1011.69,0.67
2024-01-01 06:20:00,LOC_002,17.7649992486764,75.30321740655323,Grassland,25.72,80.85,1.0,7.26,0,1015.81,0.26
2024-01-01 06:25:00,LOC_002,17.7649992486764,75.30321740655323,Grassland,24.6,74.19,1.26,0.0,0,1013.53,0.8
2024-01-01 06:30:00,LOC_002,17.7649992486764,75.30321740655323,Grassland,26.38,74.07,1.16,0.0,0,1017.13,0.79
2024-01-01 06:35:00,LOC_002,17.7649992486764,75.30321740655323,Grassland,26.39,78.7,1.49,0.0,1,1014.88,0.44
2024-01-01 06:40:00,LOC_002,17.7649992486764,75.30321740655323,Grassland,26.96,72.8,1.63,13.9,0,1012.18,0.69
2024-01-01 06:45:00,LOC_002,17.7649992486764,75.30321740655323,Grassland,26.44,72.94,2.25,0.0,0,1010.9,0.42
2024-01-01 06:50:00,LOC_002,17.7649992486764,75.30321740655323,Grassland,27.67,65.58,1.95,0.0,0,1000.37,0.49
2024-01-01 06:55:00,LOC_002,17.7649992486764,75.30321740655323,Grassland,26.8,80.94,0.94,15.34,1,1017.15,0.7
2024-01-01 07:00:00,LOC_002,17.7649992486764,75.30321740655323,Grassland,27.34,66.3,1.82,152.48,0,1017.93,0.53
2024-01-01 07:05:00,LOC_002,17.7649992486764,75.30321740655323,Grassland,28.11,68.85,0.46,208.59,0,1010.18,0.7
2024-01-01 07:10:00,LOC_002,17.7649992486764,75.30321740655323,Grassland,27.53,70.55,1.64,233.74,0,1017.18,0.65
2024-01-01 07:15:00,LOC_002,17.7649992486764,75.30321740655323,Grassland,27.88,64.29,1.68,167.29,1,1009.27,0.67
2024-01-01 07:20:00,LOC_002,17.7649992486764,75.30321740655323,Grassland,27.64,74.53,1.52,190.94,0,1014.85,0.78
2024-01-01 07:25:00,LOC_002,17.7649992486764,75.30321740655323,Grassland,26.6,71.27,1.2,219.68,0,1004.91,0.3
2024-01-01 07:30:00,LOC_002,17.7649992486764,75.30321740655323,Grassland,27.41,59.78,1.51,195.35,0,1008.33,0.23
2024-01-01 07:35:00,LOC_002,17.7649992486764,75.30321740655323,Grassland,25.01,69.58,2.12,216.74,0,1014.86,0.2
2024-01-01 07:40:00,LOC_002,17.7649992486764,75.30321740655323,Grassland,29.41,62.99,0.77,294.87,0,1010.72,0.53
2024-01-01 07:45:00,LOC_002,17.7649992486764,75.30321740655323,Grassland,26.77,71.18,1.63,197.41,1,1005.72,0.34
2024-01-01 07:50:00,LOC_002,17.7649992486764,75.30321740655323,Grassland,28.06,62.98,1.68,241.55,0,1018.77,0.48
2024-01-01 07:55:00,LOC_002,17.7649992486764,75.30321740655323,Grassland,25.8,73.97,1.85,219.57,2,1006.87,0.28
2024-01-01 08:00:00,LOC_002,17.7649992486764,75.30321740655323,Grassland,26.29,71.95,1.37,364.14,0,1012.85,0.2
2024-01-01 08:05:00,LOC_002,17.7649992486764,75.30321740655323,Grassland,29.56,69.3,1.79,416.22,1,1014.62,0.59
2024-01-01 08:10:00,LOC_002,17.7649992486764,75.30321740655323,Grassland,29.74,64.89,1.4,479.98,0,1016.02,0.3
2024-01-01 08:15:00,LOC_002,17.7649992486764,75.30321740655323,Grassland,29.71,65.07,1.2,440.86,0,1014.93,0.67
2024-01-01 08:20:00,LOC_002,17.7649992486764,75.30321740655323,Grassland,29.33,72.66,1.2,360.85,0,1020.97,0.64
2024-01-01 08:25:00,LOC_002,17.7649992486764,75.30321740655323,Grassland,28.99,75.67,2.16,412.26,0,1017.64,0.6
2024-01-01 08:30:00,LOC_002,17.7649992486764,75.30321740655323,Grassland,27.75,56.01,1.57,412.85,0,1005.2,0.41
2024-01-01 08:35:00,LOC_002,17.7649992486764,75.30321740655323,Grassland,27.02,72.72,1.01,393.15,0,1012.47,0.39
2024-01-01 08:40:00,LOC_002,17.7649992486764,75.30321740655323,Grassland,28.77,59.74,1.23,334.73,2,1014.28,0.53
2024-01-01 08:45:00,LOC_002,17.7649992486764,75.30321740655323,Grassland,29.14,68.63,0.92,393.81,1,1016.05,0.57
2024-01-01 08:50:00,LOC_002,17.7649992486764,75.30321740655323,Grassland,28.37,67.87,0.56,363.2,0,1015.01,0.64
2024-01-01 08:55:00,LOC_002,17.7649992486764,75.30321740655323,Grassland,28.38,71.79,2.02,379.0,0,1014.7,0.71
2024-01-01 09:00:00,LOC_002,17.7649992486764,75.30321740655323,Grassland,29.42,56.13,1.4,566.5,0,1012.66,0.68
2024-01-01 09:05:00,LOC_002,17.7649992486764,75.30321740655323,Grassland,27.54,66.79,1.31,560.98,0,1013.76,0.35
2024-01-01 09:10:00,LOC_002,17.7649992486764,75.30321740655323,Grassland,29.16,63.68,1.2,579.64,0,1007.4,0.63
2024-01-01 09:15:00,LOC_002,17.7649992486764,75.30321740655323,Grassland,28.99,65.63,1.28,541.2,0,1015.58,0.47
2024-01-01 09:20:00,LOC_002,17.7649992486764,75.30321740655323,Grassland,29.47,63.23,0.84,515.34,0,1008.0,0.37
2024-01-01 09:25:00,LOC_002,17.7649992486764,75.30321740655323,Grassland,31.46,60.06,1.5,617.9,0,1015.53,0.78
2024-01-01 09:30:00,LOC_002,17.7649992486764,75.30321740655323,Grassland,25.96,60.39,1.43,518.7,1,1019.06,0.41
2024-01-01 09:35:00,LOC_002,17.7649992486764,75.30321740655323,Grassland,27.81,61.93,0.94,501.31,1,1013.54,0.63
2024-01-01 09:40:00,LOC_002,17.7649992486764,75.30321740655323,Grassland,30.42,65.2,1.77,578.02,0,1013.56,0.7
2024-01-01 09:45:00,LOC_002,17.7649992486764,75.30321740655323,Grassland,28.7,68.77,1.61,588.99,0,1019.29,0.66
2024-01-01 09:50:00,LOC_002,17.7649992486764,75.30321740655323,Grassland,27.79,66.43,0.9,565.29,0,1015.39,0.44
2024-01-01 09:55:00,LOC_002,17.7649992486764,75.30321740655323,Grassland,29.25,69.37,1.31,589.78,1,1009.17,0.75
2024-01-01 10:00:00,LOC_002,17.7649992486764,75.30321740655323,Grassland,28.28,56.18,1.54,620.77,0,1010.46,0.63
2024-01-01 10:05:00,LOC_002,17.7649992486764,75.30321740655323,Grassland,27.45,65.69,2.25,728.91,0,1014.64,0.32
2024-01-01 10:10:00,LOC_002,17.7649992486764,75.30321740655323,Grassland,29.16,64.38,1.93,624.56,2,1012.94,0.76
2024-01-01 10:15:00,LOC_002,17.7649992486764,75.30321740655323,Grassland,29.02,66.72,1.95,721.52,1,1006.4,0.2
2024-01-01 10:20:00,LOC_002,17.7649992486764,75.30321740655323,Grassland,26.88,64.19,1.24,664.94,0,1010.05,0.79
2024-01-01 10:25:00,LOC_002,17.7649992486764,75.30321740655323,Grassland,27.97,69.7,1.77,651.28,0,1009.82,0.65
2024-01-01 10:30:00,LOC_002,17.7649992486764,75.30321740655323,Grassland,27.09,68.54,1.73,654.92,0,1012.57,0.42
2024-01-01 10:35:00,LOC_002,17.7649992486764,75.30321740655323,Grassland,28.56,66.84,1.54,650.29,0,1012.91,0.65
2024-01-01 10:40:00,LOC_002,17.7649992486764,75.30321740655323,Grassland,28.08,56.96,1.21,660.25,0,1019.7,0.68
2024-01-01 10:45:00,LOC_002,17.7649992486764,75.30321740655323,Grassland,28.39,59.52,1.02,677.82,0,1012.93,0.25
2024-01-01 10:50:00,LOC_002,17.7649992486764,75.30321740655323,Grassland,29.62,64.29,1.29,702.0,0,1011.84,0.75
2024-01-01 10:55:00,LOC_002,17.7649992486764,75.30321740655323,Grassland,26.66,62.73,0.9,646.73,0,1012.3,0.2
2024-01-01 11:00:00,LOC_002,17.7649992486764,75.30321740655323,Grassland,25.31,59.16,1.49,786.87,0,1017.34,0.55
2024-01-01 11:05:00,LOC_002,17.7649992486764,75.30321740655323,Grassland,25.8,58.33,0.72,756.8,0,1012.35,0.61
2024-01-01 11:10:00,LOC_002,17.7649992486764,75.30321740655323,Grassland,26.1,52.27,1.57,731.8,0,1011.96,0.79
2024-01-01 11:15:00,LOC_002,17.7649992486764,75.30321740655323,Grassland,26.41,59.48,1.77,770.77,0,1019.46,0.37
2024-01-01 11:20:00,LOC_002,17.7649992486764,75.30321740655323,Grassland,26.39,63.66,1.33,795.5,1,1006.06,0.44
2024-01-01 11:25:00,LOC_002,17.7649992486764,75.30321740655323,Grassland,27.54,52.96,1.27,778.53,0,1018.4,0.68
2024-01-01 11:30:00,LOC_002,17.7649992486764,75.30321740655323,Grassland,25.12,53.47,2.09,704.99,1,1012.61,0.42
2024-01-01 11:35:00,LOC_002,17.7649992486764,75.30321740655323,Grassland,29.04,52.9,1.65,772.08,0,1005.34,0.4
2024-01-01 11:40:00,LOC_002,17.7649992486764,75.30321740655323,Grassland,27.25,59.63,1.58,770.74,0,1009.99,0.39
2024-01-01 11:45:00,LOC_002,17.7649992486764,75.30321740655323,Grassland,25.26,46.35,1.27,800.19,0,1017.26,0.32
2024-01-01 11:50:00,LOC_002,17.7649992486764,75.30321740655323,Grassland,27.03,63.59,1.02,793.5,1,1004.56,0.68
2024-01-01 11:55:00,LOC_002,17.7649992486764,75.30321740655323,Grassland,24.95,65.11,0.95,772.73,2,1015.11,0.27
2024-01-01 12:00:00,LOC_002,17.7649992486764,75.30321740655323,Grassland,26.06,41.99,0.73,837.35,0,1015.96,0.69
2024-01-01 12:05:00,LOC_002,17.7649992486764,75.30321740655323,Grassland,24.84,52.66,1.97,806.99,0,1002.33,0.38
2024-01-01 12:10:00,LOC_002,17.7649992486764,75.30321740655323,Grassland,21.52,42.69,1.98,733.06,1,1008.12,0.42
2024-01-01 12:15:00,LOC_002,17.7649992486764,75.30321740655323,Grassland,23.88,48.46,0.7,841.53,0,1015.29,0.73
2024-01-01 12:20:00,LOC_002,17.7649992486764,75.30321740655323,Grassland,23.11,47.73,1.55,783.29,0,1013.29,0.64
2024-01-01 12:25:00,LOC_002,17.7649992486764,75.30321740655323,Grassland,25.28,51.17,1.17,816.27,0,1019.96,0.53
2024-01-01 12:30:00,LOC_002,17.7649992486764,75.30321740655323,Grassland,23.56,58.25,2.52,813.84,0,1015.57,0.22
2024-01-01 12:35:00,LOC_002,17.7649992486764,75.30321740655323,Grassland,22.43,50.02,2.09,797.44,0,1004.11,0.32
2024-01-01 12:40:00,LOC_002,17.7649992486764,75.30321740655323,Grassland,22.43,51.27,1.2,804.91,0,1014.47,0.43
2024-01-01 12:45:00,LOC_002,17.7649992486764,75.30321740655323,Grassland,23.15,53.9,1.33,827.86,1,1010.54,0.35
2024-01-01 12:50:00,LOC_002,17.7649992486764,75.30321740655323,Grassland,23.79,52.41,1.36,805.38,0,1006.83,0.36
2024-01-01 12:55:00,LOC_002,17.7649992486764,75.30321740655323,Grassland,23.14,51.4,1.14,786.14,0,1019.62,0.28
2024-01-01 13:00:00,LOC_002,17.7649992486764,75.30321740655323,Grassland,20.23,46.78,1.88,801.8,0,1010.91,0.33
2024-01-01 13:05:00,LOC_002,17.7649992486764,75.30321740655323,Grassland,20.12,46.21,1.7,729.21,0,1017.74,0.22
2024-01-01 13:10:00,LOC_002,17.7649992486764,75.30321740655323,Grassland,23.37,36.74,0.82,752.02,1,1003.87,0.38
2024-01-01 13:15:00,LOC_002,17.7649992486764,75.30321740655323,Grassland,21.01,44.89,1.23,770.61,1,1010.28,0.56
2024-01-01 13:20:00,LOC_002,17.7649992486764,75.30321740655323,Grassland,20.47,45.57,1.33,806.05,0,1019.38,0.29
2024-01-01 13:25:00,LOC_002,17.7649992486764,75.30321740655323,Grassland,22.0,32.73,1.7,773.81,0,1003.76,0.26
2024-01-01 13:30:00,LOC_002,17.7649992486764,75.30321740655323,Grassland,21.46,41.39,1.32,810.2,0,1013.01,0.65
2024-01-01 13:35:00,LOC_002,17.7649992486764,75.30321740655323,Grassland,21.26,46.06,1.6,760.55,0,1008.93,0.22
2024-01-01 13:40:00,LOC_002,17.7649992486764,75.30321740655323,Grassland,20.53,56.84,1.07,798.91,1,1012.39,0.4
2024-01-01 13:45:00,LOC_002,17.7649992486764,75.30321740655323,Grassland,23.43,40.14,1.33,791.23,0,1010.89,0.74
2024-01-01 13:50:00,LOC_002,17.7649992486764,75.30321740655323,Grassland,22.81,39.7,1.6,792.98,0,1011.68,0.47
2024-01-01 13:55:00,LOC_002,17.7649992486764,75.30321740655323,Grassland,20.05,58.14,1.19,769.26,0,1003.44,0.42
2024-01-01 14:00:00,LOC_002,17.7649992486764,75.30321740655323,Grassland,19.35,31.86,1.39,760.28,0,1004.86,0.75
2024-01-01 14:05:00,LOC_002,17.7649992486764,75.30321740655323,Grassland,18.02,34.29,2.66,667.07,0,1014.32,0.57
2024-01-01 14:10:00,LOC_002,17.7649992486764,75.30321740655323,Grassland,19.06,35.39,1.55,621.98,0,1011.58,0.67
2024-01-01 14:15:00,LOC_002,17.7649992486764,75.30321740655323,Grassland,18.93,41.81,1.07,675.83,0,1015.18,0.66
2024-01-01 14:20:00,LOC_002,17.7649992486764,75.30321740655323,Grassland,19.0,53.08,2.07,651.52,1,1021.46,0.59
2024-01-01 14:25:00,LOC_002,17.7649992486764,75.30321740655323,Grassland,18.64,41.59,2.16,706.35,0,1010.22,0.25
2024-01-01 14:30:00,LOC_002,17.7649992486764,75.30321740655323,Grassland,18.37,39.64,1.49,658.89,0,1008.99,0.51
2024-01-01 14:35:00,LOC_002,17.7649992486764,75.30321740655323,Grassland,19.39,38.0,0.92,696.99,0,1003.46,0.74
2024-01-01 14:40:00,LOC_002,17.7649992486764,75.30321740655323,Grassland,17.33,44.79,1.3,705.01,1,1016.75,0.26
2024-01-01 14:45:00,LOC_002,17.7649992486764,75.30321740655323,Grassland,19.03,35.3,1.96,722.73,1,1012.44,0.42
2024-01-01 14:50:00,LOC_002,17.7649992486764,75.30321740655323,Grassland,18.58,34.81,2.47,659.44,0,1016.79,0.61
2024-01-01 14:55:00,LOC_002,17.7649992486764,75.30321740655323,Grassland,19.72,39.9,1.3,705.7,0,1017.96,0.39
2024-01-01 15:00:00,LOC_002,17.7649992486764,75.30321740655323,Grassland,14.66,38.07,2.06,574.41,0,1005.95,0.22
2024-01-01 15:05:00,LOC_002,17.7649992486764,75.30321740655323,Grassland,13.71,30.0,1.45,546.76,0,1013.2,0.49
2024-01-01 15:10:00,LOC_002,17.7649992486764,75.30321740655323,Grassland,14.68,30.0,1.29,539.99,0,1007.23,0.3
2024-01-01 15:15:00,LOC_002,17.7649992486764,75.30321740655323,Grassland,12.24,36.03,1.94,556.67,0,1028.38,0.39
2024-01-01 15:20:00,LOC_002,17.7649992486764,75.30321740655323,Grassland,15.97,40.33,1.81,555.15,0,1018.79,0.27
2024-01-01 15:25:00,LOC_002,17.7649992486764,75.30321740655323,Grassland,14.91,31.57,1.34,555.62,2,1013.96,0.65
2024-01-01 15:30:00,LOC_002,17.7649992486764,75.30321740655323,Grassland,14.73,40.42,1.32,609.52,1,1009.77,0.35
2024-01-01 15:35:00,LOC_002,17.7649992486764,75.30321740655323,Grassland,15.62,37.43,1.03,591.27,0,1012.15,0.54
2024-01-01 15:40:00,LOC_002,17.7649992486764,75.30321740655323,Grassland,14.45,36.52,2.3,552.04,0,1014.68,0.71
2024-01-01 15:45:00,LOC_002,17.7649992486764,75.30321740655323,Grassland,15.84,34.0,1.24,530.25,0,1024.41,0.71
2024-01-01 15:50:00,LOC_002,17.7649992486764,75.30321740655323,Grassland,16.18,34.84,1.58,606.72,0,1018.27,0.73
2024-01-01 15:55:00,LOC_002,17.7649992486764,75.30321740655323,Grassland,16.82,33.86,1.96,590.89,0,1007.26,0.74
2024-01-01 16:00:00,LOC_002,17.7649992486764,75.30321740655323,Grassland,11.82,35.78,1.71,369.24,1,1022.95,0.36
2024-01-01 16:05:00,LOC_002,17.7649992486764,75.30321740655323,Grassland,12.31,30.0,1.5,365.64,1,1006.27,0.69
2024-01-01 16:10:00,LOC_002,17.7649992486764,75.30321740655323,Grassland,11.1,37.94,0.62,399.1,2,1016.08,0.58
2024-01-01 16:15:00,LOC_002,17.7649992486764,75.30321740655323,Grassland,12.66,30.0,1.63,401.03,0,1010.02,0.62
2024-01-01 16:20:00,LOC_002,17.7649992486764,75.30321740655323,Grassland,11.98,30.42,1.44,416.15,1,1004.13,0.6
2024-01-01 16:25:00,LOC_002,17.7649992486764,75.30321740655323,Grassland,10.75,37.71,1.14,416.21,1,1014.42,0.62
2024-01-01 16:30:00,LOC_002,17.7649992486764,75.30321740655323,Grassland,11.93,30.36,0.91,446.71,0,1017.66,0.38
2024-01-01 16:35:00,LOC_002,17.7649992486764,75.30321740655323,Grassland,9.15,42.9,1.51,381.48,0,1017.61,0.28
2024-01-01 16:40:00,LOC_002,17.7649992486764,75.30321740655323,Grassland,13.6,36.32,2.38,401.59,0,1010.58,0.31
2024-01-01 16:45:00,LOC_002,17.7649992486764,75.30321740655323,Grassland,12.55,34.27,1.26,434.96,0,1014.74,0.75
2024-01-01 16:50:00,LOC_002,17.7649992486764,75.30321740655323,Grassland,11.42,30.0,1.4,388.11,0,1009.62,0.61
2024-01-01 16:55:00,LOC_002,17.7649992486764,75.30321740655323,Grassland,11.51,30.0,2.03,366.39,0,1019.13,0.7
2024-01-01 17:00:00,LOC_002,17.7649992486764,75.30321740655323,Grassland,9.69,33.12,0.91,178.96,0,1016.49,0.48
2024-01-01 17:05:00,LOC_002,17.7649992486764,75.30321740655323,Grassland,7.77,37.77,1.66,193.72,0,1009.59,0.29
2024-01-01 17:10:00,LOC_002,17.7649992486764,75.30321740655323,Grassland,10.7,30.44,1.12,262.88,0,1015.39,0.3
2024-01-01 17:15:00,LOC_002,17.7649992486764,75.30321740655323,Grassland,10.87,30.0,1.73,210.63,0,1015.88,0.58
2024-01-01 17:20:00,LOC_002,17.7649992486764,75.30321740655323,Grassland,10.3,34.26,1.03,209.11,0,1013.52,0.54
2024-01-01 17:25:00,LOC_002,17.7649992486764,75.30321740655323,Grassland,8.06,30.0,1.76,267.03,0,1017.68,0.27
2024-01-01 17:30:00,LOC_002,17.7649992486764,75.30321740655323,Grassland,7.4,30.0,1.66,173.77,2,1014.4,0.55
2024-01-01 17:35:00,LOC_002,17.7649992486764,75.30321740655323,Grassland,8.09,35.42,1.56,211.52,1,1012.84,0.48
2024-01-01 17:40:00,LOC_002,17.7649992486764,75.30321740655323,Grassland,8.67,34.51,1.74,218.81,0,1014.54,0.75
2024-01-01 17:45:00,LOC_002,17.7649992486764,75.30321740655323,Grassland,6.62,30.0,2.01,185.85,0,1015.82,0.24
2024-01-01 17:50:00,LOC_002,17.7649992486764,75.30321740655323,Grassland,8.88,39.61,1.53,215.25,1,1019.06,0.72
2024-01-01 17:55:00,LOC_002,17.7649992486764,75.30321740655323,Grassland,10.57,30.0,1.99,229.94,1,1017.07,0.21
2024-01-01 18:00:00,LOC_002,17.7649992486764,75.30321740655323,Grassland,6.23,30.77,1.45,62.28,0,1008.78,0.53
2024-01-01 18:05:00,LOC_002,17.7649992486764,75.30321740655323,Grassland,7.24,34.96,1.63,0.0,0,1022.32,0.53
2024-01-01 18:10:00,LOC_002,17.7649992486764,75.30321740655323,Grassland,7.15,30.0,1.25,20.41,0,1020.14,0.66
2024-01-01 18:15:00,LOC_002,17.7649992486764,75.30321740655323,Grassland,6.42,40.43,1.25,0.0,0,1010.93,0.73
2024-01-01 18:20:00,LOC_002,17.7649992486764,75.30321740655323,Grassland,6.16,30.0,1.2,26.01,0,1010.02,0.39
2024-01-01 18:25:00,LOC_002,17.7649992486764,75.30321740655323,Grassland,4.89,30.0,1.05,35.74,0,1019.42,0.57
2024-01-01 18:30:00,LOC_002,17.7649992486764,75.30321740655323,Grassland,6.42,32.12,1.22,18.91,0,1011.3,0.63
2024-01-01 18:35:00,LOC_002,17.7649992486764,75.30321740655323,Grassland,6.42,30.0,1.78,32.89,1,1007.28,0.52
2024-01-01 18:40:00,LOC_002,17.7649992486764,75.30321740655323,Grassland,8.04,30.0,1.64,0.0,0,1009.7,0.56
2024-01-01 18:45:00,LOC_002,17.7649992486764,75.30321740655323,Grassland,8.23,33.63,2.73,29.58,0,1014.81,0.74
2024-01-01 18:50:00,LOC_002,17.7649992486764,75.30321740655323,Grassland,6.42,34.64,1.78,0.0,0,999.03,0.64
2024-01-01 18:55:00,LOC_002,17.7649992486764,75.30321740655323,Grassland,6.99,30.0,2.2,32.87,0,1006.49,0.41
2024-01-01 19:00:00,LOC_002,17.7649992486764,75.30321740655323,Grassland,5.9,36.38,1.25,46.5,0,1009.21,0.37
2024-01-01 19:05:00,LOC_002,17.7649992486764,75.30321740655323,Grassland,5.08,33.85,1.22,42.54,1,1019.43,0.26
2024-01-01 19:10:00,LOC_002,17.7649992486764,75.30321740655323,Grassland,6.01,30.0,1.5,0.0,0,1013.04,0.29
2024-01-01 19:15:00,LOC_002,17.7649992486764,75.30321740655323,Grassland,5.69,30.0,1.44,0.0,0,1021.34,0.27
2024-01-01 19:20:00,LOC_002,17.7649992486764,75.30321740655323,Grassland,5.03,34.41,1.18,0.0,1,1013.8,0.5
2024-01-01 19:25:00,LOC_002,17.7649992486764,75.30321740655323,Grassland,5.98,40.03,1.41,0.0,0,1014.83,0.55
2024-01-01 19:30:00,LOC_002,17.7649992486764,75.30321740655323,Grassland,6.69,33.75,1.86,0.0,0,1004.27,0.65
2024-01-01 19:35:00,LOC_002,17.7649992486764,75.30321740655323,Grassland,8.0,30.0,1.04,0.0,0,1010.48,0.54
2024-01-01 19:40:00,LOC_002,17.7649992486764,75.30321740655323,Grassland,4.06,30.0,1.71,0.0,0,1017.45,0.27
2024-01-01 19:45:00,LOC_002,17.7649992486764,75.30321740655323,Grassland,6.32,30.0,1.43,0.0,0,1011.58,0.37
2024-01-01 19:50:00,LOC_002,17.7649992486764,75.30321740655323,Grassland,5.39,38.8,0.74,0.0,0,1005.74,0.43
2024-01-01 19:55:00,LOC_002,17.7649992486764,75.30321740655323,Grassland,4.88,42.8,1.52,0.0,0,1017.52,0.25
2024-01-01 20:00:00,LOC_002,17.7649992486764,75.30321740655323,Grassland,7.51,30.09,0.84,57.74,0,1010.84,0.74
2024-01-01 20:05:00,LOC_002,17.7649992486764,75.30321740655323,Grassland,6.28,33.67,1.8,0.0,0,1015.81,0.23
2024-01-01 20:10:00,LOC_002,17.7649992486764,75.30321740655323,Grassland,7.36,34.55,1.99,0.0,0,1013.31,0.8
2024-01-01 20:15:00,LOC_002,17.7649992486764,75.30321740655323,Grassland,8.89,37.45,0.92,0.0,0,1004.41,0.71
2024-01-01 20:20:00,LOC_002,17.7649992486764,75.30321740655323,Grassland,9.75,37.33,1.67,0.0,0,1010.48,0.47
2024-01-01 20:25:00,LOC_002,17.7649992486764,75.30321740655323,Grassland,8.21,36.49,2.02,4.16,0,1020.78,0.59
2024-01-01 20:30:00,LOC_002,17.7649992486764,75.30321740655323,Grassland,6.57,38.86,1.4,11.02,0,1017.79,0.38
2024-01-01 20:35:00,LOC_002,17.7649992486764,75.30321740655323,Grassland,7.85,33.01,2.17,0.0,0,1012.96,0.21
2024-01-01 20:40:00,LOC_002,17.7649992486764,75.30321740655323,Grassland,6.74,36.23,1.09,0.0,0,1018.13,0.21
2024-01-01 20:45:00,LOC_002,17.7649992486764,75.30321740655323,Grassland,7.86,36.92,1.38,0.0,0,1005.14,0.6
2024-01-01 20:50:00,LOC_002,17.7649992486764,75.30321740655323,Grassland,8.26,39.64,1.7,58.4,0,1017.71,0.23
2024-01-01 20:55:00,LOC_002,17.7649992486764,75.30321740655323,Grassland,5.97,32.59,1.88,22.14,1,1018.13,0.36
2024-01-01 21:00:00,LOC_002,17.7649992486764,75.30321740655323,Grassland,7.41,41.95,2.79,0.36,1,1012.23,0.43
2024-01-01 21:05:00,LOC_002,17.7649992486764,75.30321740655323,Grassland,9.15,38.68,1.59,0.0,0,1006.42,0.61
2024-01-01 21:10:00,LOC_002,17.7649992486764,75.30321740655323,Grassland,7.78,38.15,2.88,0.0,1,1009.23,0.24
2024-01-01 21:15:00,LOC_002,17.7649992486764,75.30321740655323,Grassland,11.16,33.44,2.1,0.0,0,1014.04,0.76
2024-01-01 21:20:00,LOC_002,17.7649992486764,75.30321740655323,Grassland,10.14,33.96,0.9,0.0,0,1009.17,0.72
2024-01-01 21:25:00,LOC_002,17.7649992486764,75.30321740655323,Grassland,10.61,42.87,1.32,4.42,0,1008.42,0.58
2024-01-01 21:30:00,LOC_002,17.7649992486764,75.30321740655323,Grassland,10.24,33.41,2.12,18.22,1,1017.69,0.69
2024-01-01 21:35:00,LOC_002,17.7649992486764,75.30321740655323,Grassland,8.54,33.91,0.29,0.0,0,1016.54,0.32
2024-01-01 21:40:00,LOC_002,17.7649992486764,75.30321740655323,Grassland,9.3,39.57,0.9,0.0,0,1003.69,0.73
2024-01-01 21:45:00,LOC_002,17.7649992486764,75.30321740655323,Grassland,9.96,32.02,2.16,0.0,1,1012.73,0.79
2024-01-01 21:50:00,LOC_002,17.7649992486764,75.30321740655323,Grassland,8.57,38.16,1.14,12.8,0,996.45,0.28
2024-01-01 21:55:00,LOC_002,17.7649992486764,75.30321740655323,Grassland,8.42,41.1,1.2,0.0,0,1004.94,0.38
2024-01-01 22:00:00,LOC_002,17.7649992486764,75.30321740655323,Grassland,11.72,30.16,1.74,0.0,1,1018.24,0.37
2024-01-01 22:05:00,LOC_002,17.7649992486764,75.30321740655323,Grassland,10.42,44.74,1.62,29.37,0,1010.78,0.52
2024-01-01 22:10:00,LOC_002,17.7649992486764,75.30321740655323,Grassland,9.29,44.65,0.34,0.0,0,1016.62,0.33
2024-01-01 22:15:00,LOC_002,17.7649992486764,75.30321740655323,Grassland,12.92,46.83,1.41,30.19,1,1006.8,0.65
2024-01-01 22:20:00,LOC_002,17.7649992486764,75.30321740655323,Grassland,11.71,45.73,0.21,0.0,1,1008.59,0.53
2024-01-01 22:25:00,LOC_002,17.7649992486764,75.30321740655323,Grassland,9.32,40.27,1.46,4.46,0,1018.59,0.3
2024-01-01 22:30:00,LOC_002,17.7649992486764,75.30321740655323,Grassland,8.02,44.34,1.28,0.0,0,1024.86,0.33
2024-01-01 22:35:00,LOC_002,17.7649992486764,75.30321740655323,Grassland,10.98,32.46,1.18,0.0,1,1011.4,0.56
2024-01-01 22:40:00,LOC_002,17.7649992486764,75.30321740655323,Grassland,11.38,44.52,2.58,0.0,0,1011.48,0.75
2024-01-01 22:45:00,LOC_002,17.7649992486764,75.30321740655323,Grassland,9.12,39.55,0.81,0.0,0,1016.57,0.31
2024-01-01 22:50:00,LOC_002,17.7649992486764,75.30321740655323,Grassland,12.8,39.27,0.94,24.0,0,1012.81,0.7
2024-01-01 22:55:00,LOC_002,17.7649992486764,75.30321740655323,Grassland,12.3,36.96,0.87,22.09,1,1016.81,0.22
2024-01-01 23:00:00,LOC_002,17.7649992486764,75.30321740655323,Grassland,13.83,49.66,1.6,0.0,0,1015.68,0.39
2024-01-01 23:05:00,LOC_002,17.7649992486764,75.30321740655323,Grassland,14.48,44.91,1.29,0.0,1,1014.45,0.72
2024-01-01 23:10:00,LOC_002,17.7649992486764,75.30321740655323,Grassland,14.14,47.59,2.23,0.0,0,1005.83,0.6
2024-01-01 23:15:00,LOC_002,17.7649992486764,75.30321740655323,Grassland,12.1,55.18,1.33,0.0,1,1008.75,0.33
2024-01-01 23:20:00,LOC_002,17.7649992486764,75.30321740655323,Grassland,13.59,51.29,1.65,61.15,0,1006.58,0.56
2024-01-01 23:25:00,LOC_002,17.7649992486764,75.30321740655323,Grassland,13.93,38.44,1.51,46.45,0,1020.57,0.36
2024-01-01 23:30:00,LOC_002,17.7649992486764,75.30321740655323,Grassland,15.67,48.11,1.45,21.04,0,1014.34,0.59
2024-01-01 23:35:00,LOC_002,17.7649992486764,75.30321740655323,Grassland,12.82,44.36,2.24,0.0,0,1007.94,0.54
2024-01-01 23:40:00,LOC_002,17.7649992486764,75.30321740655323,Grassland,13.35,43.88,0.83,0.0,0,1007.73,0.64
2024-01-01 23:45:00,LOC_002,17.7649992486764,75.30321740655323,Grassland,12.16,34.41,2.04,0.0,0,1014.07,0.78
2024-01-01 23:50:00,LOC_002,17.7649992486764,75.30321740655323,Grassland,12.29,46.49,2.86,0.0,0,1011.04,0.26
2024-01-01 23:55:00,LOC_002,17.7649992486764,75.30321740655323,Grassland,13.85,43.9,2.27,25.62,1,1013.7,0.5
2024-01-01 00:00:00,LOC_003,17.758084392599947,84.16042316923203,Agriculture,14.67,52.81,2.23,21.51,0,1011.05,0.24
2024-01-01 00:05:00,LOC_003,17.758084392599947,84.16042316923203,Agriculture,14.09,57.18,1.34,0.0,1,1010.28,0.5
2024-01-01 00:10:00,LOC_003,17.758084392599947,84.16042316923203,Agriculture,15.86,43.68,0.56,6.22,0,1016.08,0.73
2024-01-01 00:15:00,LOC_003,17.758084392599947,84.16042316923203,Agriculture,16.2,56.88,2.14,0.0,0,1014.09,0.24
2024-01-01 00:20:00,LOC_003,17.758084392599947,84.16042316923203,Agriculture,14.76,47.51,1.6,0.0,0,1007.28,0.36
2024-01-01 00:25:00,LOC_003,17.758084392599947,84.16042316923203,Agriculture,14.73,49.94,1.41,0.0,0,1014.34,0.78
2024-01-01 00:30:00,LOC_003,17.758084392599947,84.16042316923203,Agriculture,15.5,47.79,1.06,14.28,1,1021.85,0.36
2024-01-01 00:35:00,LOC_003,17.758084392599947,84.16042316923203,Agriculture,16.43,50.37,1.84,0.0,0,1009.75,0.78
2024-01-01 00:40:00,LOC_003,17.758084392599947,84.16042316923203,Agriculture,14.35,46.09,1.95,0.0,0,1006.83,0.29
2024-01-01 00:45:00,LOC_003,17.758084392599947,84.16042316923203,Agriculture,16.53,55.01,1.41,0.0,0,1005.23,0.5
2024-01-01 00:50:00,LOC_003,17.758084392599947,84.16042316923203,Agriculture,17.11,57.21,1.9,0.0,0,1017.32,0.61
2024-01-01 00:55:00,LOC_003,17.758084392599947,84.16042316923203,Agriculture,15.88,44.0,1.72,0.0,1,1015.56,0.6
2024-01-01 01:00:00,LOC_003,17.758084392599947,84.16042316923203,Agriculture,18.56,54.21,1.22,0.0,1,1000.36,0.36
2024-01-01 01:05:00,LOC_003,17.758084392599947,84.16042316923203,Agriculture,20.73,53.88,1.24,97.57,1,1005.36,0.38
2024-01-01 01:10:00,LOC_003,17.758084392599947,84.16042316923203,Agriculture,17.76,53.12,2.11,0.0,0,1008.58,0.74
2024-01-01 01:15:00,LOC_003,17.758084392599947,84.16042316923203,Agriculture,19.25,63.56,1.24,0.0,0,1009.18,0.63
2024-01-01 01:20:00,LOC_003,17.758084392599947,84.16042316923203,Agriculture,20.09,59.82,0.92,51.94,2,1015.57,0.27
2024-01-01 01:25:00,LOC_003,17.758084392599947,84.16042316923203,Agriculture,18.82,43.92,0.71,37.82,0,1007.01,0.67
2024-01-01 01:30:00,LOC_003,17.758084392599947,84.16042316923203,Agriculture,19.13,54.32,1.86,0.0,0,1009.0,0.27
2024-01-01 01:35:00,LOC_003,17.758084392599947,84.16042316923203,Agriculture,19.93,56.2,0.82,0.0,0,1013.71,0.34
2024-01-01 01:40:00,LOC_003,17.758084392599947,84.16042316923203,Agriculture,16.04,53.79,1.39,0.0,0,1018.32,0.62
2024-01-01 01:45:00,LOC_003,17.758084392599947,84.16042316923203,Agriculture,19.66,49.71,2.12,0.0,0,1017.31,0.28
2024-01-01 01:50:00,LOC_003,17.758084392599947,84.16042316923203,Agriculture,15.92,58.28,1.53,0.0,0,1017.8,0.24
2024-01-01 01:55:00,LOC_003,17.758084392599947,84.16042316923203,Agriculture,19.77,62.76,1.88,37.95,1,1010.41,0.52
2024-01-01 02:00:00,LOC_003,17.758084392599947,84.16042316923203,Agriculture,21.95,59.54,2.1,18.44,1,1016.79,0.59
2024-01-01 02:05:00,LOC_003,17.758084392599947,84.16042316923203,Agriculture,20.85,57.4,2.05,0.0,0,1014.79,0.66
2024-01-01 02:10:00,LOC_003,17.758084392599947,84.16042316923203,Agriculture,20.56,60.39,1.65,0.0,0,1013.15,0.57
2024-01-01 02:15:00,LOC_003,17.758084392599947,84.16042316923203,Agriculture,20.6,60.11,1.38,0.0,0,1011.89,0.42
2024-01-01 02:20:00,LOC_003,17.758084392599947,84.16042316923203,Agriculture,20.71,63.92,1.25,3.54,1,1003.29,0.44
2024-01-01 02:25:00,LOC_003,17.758084392599947,84.16042316923203,Agriculture,20.88,60.86,1.55,0.0,0,1017.93,0.35
2024-01-01 02:30:00,LOC_003,17.758084392599947,84.16042316923203,Agriculture,19.69,67.52,0.42,0.0,0,1009.27,0.24
2024-01-01 02:35:00,LOC_003,17.758084392599947,84.16042316923203,Agriculture,22.48,68.25,1.08,0.0,0,1017.13,0.78
2024-01-01 02:40:00,LOC_003,17.758084392599947,84.16042316923203,Agriculture,20.59,74.93,0.71,45.28,0,1013.46,0.48
2024-01-01 02:45:00,LOC_003,17.758084392599947,84.16042316923203,Agriculture,21.25,59.66,2.13,39.81,0,1025.57,0.76
2024-01-01 02:50:00,LOC_003,17.758084392599947,84.16042316923203,Agriculture,21.06,59.87,1.67,10.49,1,1008.48,0.35
2024-01-01 02:55:00,LOC_003,17.758084392599947,84.16042316923203,Agriculture,20.48,51.8,2.49,0.0,0,1016.29,0.4
2024-01-01 03:00:00,LOC_003,17.758084392599947,84.16042316923203,Agriculture,24.49,58.49,1.84,0.0,0,1010.43,0.62
2024-01-01 03:05:00,LOC_003,17.758084392599947,84.16042316923203,Agriculture,23.93,63.11,1.36,0.0,0,1018.0,0.79
2024-01-01 03:10:00,LOC_003,17.758084392599947,84.16042316923203,Agriculture,21.91,62.53,0.8,0.0,0,1011.3,0.58
2024-01-01 03:15:00,LOC_003,17.758084392599947,84.16042316923203,Agriculture,22.58,64.85,1.13,50.49,0,1019.02,0.34
2024-01-01 03:20:00,LOC_003,17.758084392599947,84.16042316923203,Agriculture,23.3,75.42,2.35,33.64,0,1016.13,0.4
2024-01-01 03:25:00,LOC_003,17.758084392599947,84.16042316923203,Agriculture,21.89,61.37,0.51,36.27,0,1011.42,0.34
2024-01-01 03:30:00,LOC_003,17.758084392599947,84.16042316923203,Agriculture,22.98,63.84,1.36,53.17,1,1013.1,0.3
2024-01-01 03:35:00,LOC_003,17.758084392599947,84.16042316923203,Agriculture,23.18,67.61,1.3,0.0,0,1008.5,0.73
2024-01-01 03:40:00,LOC_003,17.758084392599947,84.16042316923203,Agriculture,22.82,56.58,1.35,1.53,2,1020.12,0.65
2024-01-01 03:45:00,LOC_003,17.758084392599947,84.16042316923203,Agriculture,23.1,67.32,1.28,0.0,1,1012.31,0.55
2024-01-01 03:50:00,LOC_003,17.758084392599947,84.16042316923203,Agriculture,24.11,69.76,2.3,21.84,0,1004.72,0.36
2024-01-01 03:55:00,LOC_003,17.758084392599947,84.16042316923203,Agriculture,23.1,62.48,2.07,0.0,0,1016.32,0.28
2024-01-01 04:00:00,LOC_003,17.758084392599947,84.16042316923203,Agriculture,24.09,58.85,2.22,43.58,0,1009.13,0.56
2024-01-01 04:05:00,LOC_003,17.758084392599947,84.16042316923203,Agriculture,25.09,64.37,1.35,0.0,0,1010.88,0.5
2024-01-01 04:10:00,LOC_003,17.758084392599947,84.16042316923203,Agriculture,25.24,66.55,1.88,41.36,0,1020.85,0.46
2024-01-01 04:15:00,LOC_003,17.758084392599947,84.16042316923203,Agriculture,25.18,63.86,1.5,7.23,0,1009.79,0.25
2024-01-01 04:20:00,LOC_003,17.758084392599947,84.16042316923203,Agriculture,25.89,64.31,1.86,34.35,0,1011.12,0.41
2024-01-01 04:25:00,LOC_003,17.758084392599947,84.16042316923203,Agriculture,24.96,59.56,1.12,0.0,1,1014.46,0.51
2024-01-01 04:30:00,LOC_003,17.758084392599947,84.16042316923203,Agriculture,25.64,70.52,2.12,38.87,0,1012.57,0.22
2024-01-01 04:35:00,LOC_003,17.758084392599947,84.16042316923203,Agriculture,22.78,66.75,1.28,0.0,0,1016.19,0.51
2024-01-01 04:40:00,LOC_003,17.758084392599947,84.16042316923203,Agriculture,24.91,77.28,1.26,37.2,0,1020.96,0.28
2024-01-01 04:45:00,LOC_003,17.758084392599947,84.16042316923203,Agriculture,25.25,70.04,1.12,0.0,2,1015.05,0.29
2024-01-01 04:50:00,LOC_003,17.758084392599947,84.16042316923203,Agriculture,27.41,65.99,1.74,42.52,1,1010.95,0.68
2024-01-01 04:55:00,LOC_003,17.758084392599947,84.16042316923203,Agriculture,24.32,63.85,1.37,32.17,0,1012.06,0.3
2024-01-01 05:00:00,LOC_003,17.758084392599947,84.16042316923203,Agriculture,25.39,70.7,1.48,0.0,1,1012.72,0.78
2024-01-01 05:05:00,LOC_003,17.758084392599947,84.16042316923203,Agriculture,25.74,73.56,1.55,6.99,0,1015.58,0.76
2024-01-01 05:10:00,LOC_003,17.758084392599947,84.16042316923203,Agriculture,25.44,68.24,1.76,2.73,1,1010.45,0.38
2024-01-01 05:15:00,LOC_003,17.758084392599947,84.16042316923203,Agriculture,26.55,74.19,2.1,16.65,0,1024.29,0.73
2024-01-01 05:20:00,LOC_003,17.758084392599947,84.16042316923203,Agriculture,25.41,64.51,1.53,0.0,0,1007.96,0.21
2024-01-01 05:25:00,LOC_003,17.758084392599947,84.16042316923203,Agriculture,24.83,73.01,1.27,0.55,0,1017.34,0.4
2024-01-01 05:30:00,LOC_003,17.758084392599947,84.16042316923203,Agriculture,26.89,73.71,2.1,52.28,0,1011.91,0.44
2024-01-01 05:35:00,LOC_003,17.758084392599947,84.16042316923203,Agriculture,27.99,71.93,1.43,20.7,0,1004.36,0.69
2024-01-01 05:40:00,LOC_003,17.758084392599947,84.16042316923203,Agriculture,25.69,66.1,2.45,0.0,0,1009.77,0.34
2024-01-01 05:45:00,LOC_003,17.758084392599947,84.16042316923203,Agriculture,24.88,69.96,0.75,40.3,1,1012.11,0.26
2024-01-01 05:50:00,LOC_003,17.758084392599947,84.16042316923203,Agriculture,25.53,64.39,1.33,36.67,0,1011.35,0.5
2024-01-01 05:55:00,LOC_003,17.758084392599947,84.16042316923203,Agriculture,27.13,66.74,1.73,0.0,1,1010.02,0.33
2024-01-01 06:00:00,LOC_003,17.758084392599947,84.16042316923203,Agriculture,26.24,67.51,1.86,51.97,0,1019.93,0.24
2024-01-01 06:05:00,LOC_003,17.758084392599947,84.16042316923203,Agriculture,27.11,70.57,0.9,10.62,0,1007.11,0.22
2024-01-01 06:10:00,LOC_003,17.758084392599947,84.16042316923203,Agriculture,26.08,70.83,2.01,27.99,0,1013.24,0.42
2024-01-01 06:15:00,LOC_003,17.758084392599947,84.16042316923203,Agriculture,27.16,74.0,2.1,11.21,0,1017.13,0.31
2024-01-01 06:20:00,LOC_003,17.758084392599947,84.16042316923203,Agriculture,25.89,74.91,2.01,25.33,0,1007.84,0.7
2024-01-01 06:25:00,LOC_003,17.758084392599947,84.16042316923203,Agriculture,24.85,76.13,1.36,12.64,1,1018.14,0.67
2024-01-01 06:30:00,LOC_003,17.758084392599947,84.16042316923203,Agriculture,26.14,65.27,0.65,0.0,0,1016.66,0.54
2024-01-01 06:35:00,LOC_003,17.758084392599947,84.16042316923203,Agriculture,26.33,75.3,1.35,0.0,0,1013.22,0.65
2024-01-01 06:40:00,LOC_003,17.758084392599947,84.16042316923203,Agriculture,25.95,71.35,1.63,0.0,0,1016.84,0.42
2024-01-01 06:45:00,LOC_003,17.758084392599947,84.16042316923203,Agriculture,27.86,70.98,1.6,14.78,0,1021.01,0.63
2024-01-01 06:50:00,LOC_003,17.758084392599947,84.16042316923203,Agriculture,25.42,77.6,1.33,0.0,2,1018.33,0.77
2024-01-01 06:55:00,LOC_003,17.758084392599947,84.16042316923203,Agriculture,27.09,72.57,1.33,0.0,0,1011.2,0.66
2024-01-01 07:00:00,LOC_003,17.758084392599947,84.16042316923203,Agriculture,27.53,68.49,2.13,208.13,0,1016.7,0.43
2024-01-01 07:05:00,LOC_003,17.758084392599947,84.16042316923203,Agriculture,27.73,71.39,1.11,261.01,0,1021.29,0.39
2024-01-01 07:10:00,LOC_003,17.758084392599947,84.16042316923203,Agriculture,26.47,66.89,1.64,222.8,0,1012.43,0.8
2024-01-01 07:15:00,LOC_003,17.758084392599947,84.16042316923203,Agriculture,27.7,69.57,1.04,215.47,0,1006.42,0.57
2024-01-01 07:20:00,LOC_003,17.758084392599947,84.16042316923203,Agriculture,26.82,63.37,0.53,181.42,0,1026.2,0.4
2024-01-01 07:25:00,LOC_003,17.758084392599947,84.16042316923203,Agriculture,27.19,77.46,1.86,251.22,0,1005.89,0.56
2024-01-01 07:30:00,LOC_003,17.758084392599947,84.16042316923203,Agriculture,28.07,78.87,2.18,161.62,1,1012.24,0.4
2024-01-01 07:35:00,LOC_003,17.758084392599947,84.16042316923203,Agriculture,27.59,76.55,1.51,238.38,0,1017.31,0.34
2024-01-01 07:40:00,LOC_003,17.758084392599947,84.16042316923203,Agriculture,29.33,70.95,1.08,217.81,0,1008.8,0.79
2024-01-01 07:45:00,LOC_003,17.758084392599947,84.16042316923203,Agriculture,27.55,66.33,1.94,228.26,0,1015.1,0.32
2024-01-01 07:50:00,LOC_003,17.758084392599947,84.16042316923203,Agriculture,28.24,68.34,1.59,162.21,0,1009.68,0.37
2024-01-01 07:55:00,LOC_003,17.758084392599947,84.16042316923203,Agriculture,29.17,72.39,2.18,198.97,1,1009.98,0.47
2024-01-01 08:00:00,LOC_003,17.758084392599947,84.16042316923203,Agriculture,27.61,71.84,1.51,349.75,2,1018.22,0.25
2024-01-01 08:05:00,LOC_003,17.758084392599947,84.16042316923203,Agriculture,29.24,70.97,1.02,442.84,0,1013.65,0.39
2024-01-01 08:10:00,LOC_003,17.758084392599947,84.16042316923203,Agriculture,27.25,68.37,1.21,376.42,0,1009.33,0.24
2024-01-01 08:15:00,LOC_003,17.758084392599947,84.16042316923203,Agriculture,30.93,56.32,1.16,389.59,0,1012.41,0.75
2024-01-01 08:20:00,LOC_003,17.758084392599947,84.16042316923203,Agriculture,27.27,66.18,1.53,349.91,0,1008.05,0.47
2024-01-01 08:25:00,LOC_003,17.758084392599947,84.16042316923203,Agriculture,30.83,64.1,1.41,408.59,0,1009.64,0.66
2024-01-01 08:30:00,LOC_003,17.758084392599947,84.16042316923203,Agriculture,28.62,71.83,2.56,324.08,0,1013.84,0.32
2024-01-01 08:35:00,LOC_003,17.758084392599947,84.16042316923203,Agriculture,28.44,61.73,0.88,369.84,1,1010.27,0.71
2024-01-01 08:40:00,LOC_003,17.758084392599947,84.16042316923203,Agriculture,29.4,63.29,1.29,510.44,0,1015.44,0.38
2024-01-01 08:45:00,LOC_003,17.758084392599947,84.16042316923203,Agriculture,28.86,69.85,1.43,426.96,0,1014.48,0.38
2024-01-01 08:50:00,LOC_003,17.758084392599947,84.16042316923203,Agriculture,31.23,70.94,1.37,411.14,1,1014.04,0.53
2024-01-01 08:55:00,LOC_003,17.758084392599947,84.16042316923203,Agriculture,29.01,79.72,1.57,409.53,0,1009.39,0.3
2024-01-01 09:00:00,LOC_003,17.758084392599947,84.16042316923203,Agriculture,28.93,70.0,1.5,556.51,0,1009.25,0.32
2024-01-01 09:05:00,LOC_003,17.758084392599947,84.16042316923203,Agriculture,27.73,59.21,1.33,612.85,0,1015.6,0.47
2024-01-01 09:10:00,LOC_003,17.758084392599947,84.16042316923203,Agriculture,29.08,68.65,0.63,551.8,0,1005.58,0.63
2024-01-01 09:15:00,LOC_003,17.758084392599947,84.16042316923203,Agriculture,28.38,68.85,1.19,629.96,0,1011.86,0.78
2024-01-01 09:20:00,LOC_003,17.758084392599947,84.16042316923203,Agriculture,28.55,58.96,2.46,604.02,1,1009.69,0.28
2024-01-01 09:25:00,LOC_003,17.758084392599947,84.16042316923203,Agriculture,28.45,56.79,1.11,551.27,1,1003.84,0.68
2024-01-01 09:30:00,LOC_003,17.758084392599947,84.16042316923203,Agriculture,31.42,63.37,0.7,601.75,0,1017.14,0.69
2024-01-01 09:35:00,LOC_003,17.758084392599947,84.16042316923203,Agriculture,27.66,75.63,1.94,612.25,1,1018.35,0.25
2024-01-01 09:40:00,LOC_003,17.758084392599947,84.16042316923203,Agriculture,28.58,71.11,1.5,572.85,0,1012.33,0.26
2024-01-01 09:45:00,LOC_003,17.758084392599947,84.16042316923203,Agriculture,26.75,67.63,1.48,573.29,0,1022.49,0.32
2024-01-01 09:50:00,LOC_003,17.758084392599947,84.16042316923203,Agriculture,29.4,65.09,0.59,605.15,0,1013.98,0.59
2024-01-01 09:55:00,LOC_003,17.758084392599947,84.16042316923203,Agriculture,29.17,69.55,1.21,586.36,1,1011.94,0.36
2024-01-01 10:00:00,LOC_003,17.758084392599947,84.16042316923203,Agriculture,28.28,56.97,1.15,665.48,0,1010.8,0.43
2024-01-01 10:05:00,LOC_003,17.758084392599947,84.16042316923203,Agriculture,27.68,68.82,2.02,700.81,1,1010.12,0.75
2024-01-01 10:10:00,LOC_003,17.758084392599947,84.16042316923203,Agriculture,30.05,56.37,1.12,683.91,0,1018.12,0.77
2024-01-01 10:15:00,LOC_003,17.758084392599947,84.16042316923203,Agriculture,27.81,66.72,1.43,745.5,0,1009.57,0.27
2024-01-01 10:20:00,LOC_003,17.758084392599947,84.16042316923203,Agriculture,27.68,58.47,2.33,701.14,0,1015.64,0.79
2024-01-01 10:25:00,LOC_003,17.758084392599947,84.16042316923203,Agriculture,26.88,67.69,0.51,705.92,1,1013.78,0.54
2024-01-01 10:30:00,LOC_003,17.758084392599947,84.16042316923203,Agriculture,29.36,60.05,0.56,678.62,2,1013.08,0.46
2024-01-01 10:35:00,LOC_003,17.758084392599947,84.16042316923203,Agriculture,27.88,60.62,0.84,666.42,0,1006.4,0.61
2024-01-01 10:40:00,LOC_003,17.758084392599947,84.16042316923203,Agriculture,28.69,58.19,1.59,672.12,1,999.06,0.67
2024-01-01 10:45:00,LOC_003,17.758084392599947,84.16042316923203,Agriculture,27.58,62.97,1.55,691.27,0,1010.66,0.65
2024-01-01 10:50:00,LOC_003,17.758084392599947,84.16042316923203,Agriculture,28.38,64.03,1.8,691.56,1,1008.88,0.62
2024-01-01 10:55:00,LOC_003,17.758084392599947,84.16042316923203,Agriculture,29.22,63.38,0.99,693.23,0,1010.66,0.33
2024-01-01 11:00:00,LOC_003,17.758084392599947,84.16042316923203,Agriculture,24.08,64.45,1.7,711.49,0,1013.36,0.27
2024-01-01 11:05:00,LOC_003,17.758084392599947,84.16042316923203,Agriculture,26.72,52.09,1.7,780.95,1,1015.15,0.34
2024-01-01 11:10:00,LOC_003,17.758084392599947,84.16042316923203,Agriculture,28.8,51.08,1.16,852.72,0,1009.95,0.75
2024-01-01 11:15:00,LOC_003,17.758084392599947,84.16042316923203,Agriculture,27.11,50.89,1.53,811.43,0,1011.9,0.67
2024-01-01 11:20:00,LOC_003,17.758084392599947,84.16042316923203,Agriculture,27.28,57.17,1.31,798.93,0,1018.14,0.72
2024-01-01 11:25:00,LOC_003,17.758084392599947,84.16042316923203,Agriculture,25.34,50.13,0.76,707.64,0,1010.01,0.48
2024-01-01 11:30:00,LOC_003,17.758084392599947,84.16042316923203,Agriculture,25.91,55.84,1.72,722.1,0,1015.15,0.63
2024-01-01 11:35:00,LOC_003,17.758084392599947,84.16042316923203,Agriculture,24.92,60.89,2.22,792.86,0,1002.76,0.31
2024-01-01 11:40:00,LOC_003,17.758084392599947,84.16042316923203,Agriculture,26.6,61.66,1.92,753.26,1,1005.65,0.68
2024-01-01 11:45:00,LOC_003,17.758084392599947,84.16042316923203,Agriculture,22.61,55.63,1.82,702.47,0,1005.61,0.42
2024-01-01 11:50:00,LOC_003,17.758084392599947,84.16042316923203,Agriculture,27.88,53.65,2.02,818.65,0,1004.97,0.73
2024-01-01 11:55:00,LOC_003,17.758084392599947,84.16042316923203,Agriculture,26.79,61.86,1.54,724.02,0,1015.27,0.65
2024-01-01 12:00:00,LOC_003,17.758084392599947,84.16042316923203,Agriculture,22.21,53.98,2.12,757.6,0,1014.89,0.22
2024-01-01 12:05:00,LOC_003,17.758084392599947,84.16042316923203,Agriculture,24.04,57.91,1.65,773.16,0,1025.44,0.6
2024-01-01 12:10:00,LOC_003,17.758084392599947,84.16042316923203,Agriculture,27.73,42.36,2.38,814.98,0,1014.58,0.5
2024-01-01 12:15:00,LOC_003,17.758084392599947,84.16042316923203,Agriculture,22.78,44.39,0.79,799.36,0,1010.15,0.62
2024-01-01 12:20:00,LOC_003,17.758084392599947,84.16042316923203,Agriculture,25.53,58.87,0.77,819.06,0,1021.79,0.62
2024-01-01 12:25:00,LOC_003,17.758084392599947,84.16042316923203,Agriculture,24.01,49.41,1.74,808.42,0,1015.41,0.73
2024-01-01 12:30:00,LOC_003,17.758084392599947,84.16042316923203,Agriculture,23.85,54.08,1.38,818.3,0,1007.71,0.69
2024-01-01 12:35:00,LOC_003,17.758084392599947,84.16042316923203,Agriculture,22.92,62.37,1.85,797.82,1,1015.48,0.34
2024-01-01 12:40:00,LOC_003,17.758084392599947,84.16042316923203,Agriculture,24.83,40.66,2.7,791.36,0,1012.72,0.37
2024-01-01 12:45:00,LOC_003,17.758084392599947,84.16042316923203,Agriculture,23.84,46.91,1.89,777.08,0,1011.8,0.61
2024-01-01 12:50:00,LOC_003,17.758084392599947,84.16042316923203,Agriculture,22.25,54.64,2.0,773.72,2,1012.27,0.46
2024-01-01 12:55:00,LOC_003,17.758084392599947,84.16042316923203,Agriculture,23.97,51.15,2.22,791.13,1,1007.36,0.63
2024-01-01 13:00:00,LOC_003,17.758084392599947,84.16042316923203,Agriculture,20.39,42.85,1.4,777.51,0,1022.38,0.59
2024-01-01 13:05:00,LOC_003,17.758084392599947,84.16042316923203,Agriculture,20.29,46.09,0.8,802.72,1,1011.98,0.77
2024-01-01 13:10:00,LOC_003,17.758084392599947,84.16042316923203,Agriculture,19.47,38.23,0.29,813.77,0,1014.58,0.51
2024-01-01 13:15:00,LOC_003,17.758084392599947,84.16042316923203,Agriculture,20.12,42.36,1.27,764.28,0,1017.97,0.23
2024-01-01 13:20:00,LOC_003,17.758084392599947,84.16042316923203,Agriculture,20.9,43.41,1.12,732.65,0,1010.76,0.42
2024-01-01 13:25:00,LOC_003,17.758084392599947,84.16042316923203,Agriculture,20.36,47.64,1.52,776.86,2,1013.57,0.45
2024-01-01 13:30:00,LOC_003,17.758084392599947,84.16042316923203,Agriculture,19.26,52.98,2.03,804.0,1,1017.17,0.6
2024-01-01 13:35:00,LOC_003,17.758084392599947,84.16042316923203,Agriculture,21.55,48.45,2.07,766.37,0,1016.85,0.39
2024-01-01 13:40:00,LOC_003,17.758084392599947,84.16042316923203,Agriculture,20.09,40.36,1.02,735.5,0,1016.62,0.58
2024-01-01 13:45:00,LOC_003,17.758084392599947,84.16042316923203,Agriculture,20.93,47.11,0.77,748.9,1,1010.37,0.76
2024-01-01 13:50:00,LOC_003,17.758084392599947,84.16042316923203,Agriculture,21.58,39.23,1.68,780.23,2,1014.21,0.72
2024-01-01 13:55:00,LOC_003,17.758084392599947,84.16042316923203,Agriculture,21.54,36.14,2.32,743.85,0,1015.62,0.75
2024-01-01 14:00:00,LOC_003,17.758084392599947,84.16042316923203,Agriculture,18.78,40.67,2.1,746.48,0,1011.02,0.48
2024-01-01 14:05:00,LOC_003,17.758084392599947,84.16042316923203,Agriculture,19.9,51.6,1.81,731.98,0,1007.55,0.68
2024-01-01 14:10:00,LOC_003,17.758084392599947,84.16042316923203,Agriculture,18.62,38.68,1.38,738.28,0,1014.52,0.46
2024-01-01 14:15:00,LOC_003,17.758084392599947,84.16042316923203,Agriculture,17.68,31.18,1.28,734.95,0,1020.86,0.59
2024-01-01 14:20:00,LOC_003,17.758084392599947,84.16042316923203,Agriculture,18.05,34.58,1.12,674.45,1,1016.27,0.72
2024-01-01 14:25:00,LOC_003,17.758084392599947,84.16042316923203,Agriculture,17.16,38.95,1.73,736.32,1,1012.79,0.34
2024-01-01 14:30:00,LOC_003,17.758084392599947,84.16042316923203,Agriculture,19.07,40.17,1.35,733.99,1,1020.01,0.55
2024-01-01 14:35:00,LOC_003,17.758084392599947,84.16042316923203,Agriculture,20.32,35.8,0.96,726.3,0,1013.65,0.63
2024-01-01 14:40:00,LOC_003,17.758084392599947,84.16042316923203,Agriculture,14.89,35.45,2.24,654.3,1,1016.94,0.42
2024-01-01 14:45:00,LOC_003,17.758084392599947,84.16042316923203,Agriculture,15.93,33.71,1.26,670.71,0,1017.15,0.24
2024-01-01 14:50:00,LOC_003,17.758084392599947,84.16042316923203,Agriculture,19.16,35.03,1.31,756.06,0,1019.45,0.28
2024-01-01 14:55:00,LOC_003,17.758084392599947,84.16042316923203,Agriculture,18.37,43.54,1.22,715.72,1,1020.71,0.71
2024-01-01 15:00:00,LOC_003,17.758084392599947,84.16042316923203,Agriculture,15.15,33.35,1.7,576.96,1,1010.65,0.71
2024-01-01 15:05:00,LOC_003,17.758084392599947,84.16042316923203,Agriculture,13.61,31.69,1.08,576.02,0,1003.45,0.37
2024-01-01 15:10:00,LOC_003,17.758084392599947,84.16042316923203,Agriculture,15.22,34.93,1.43,534.16,0,1009.36,0.57
2024-01-01 15:15:00,LOC_003,17.758084392599947,84.16042316923203,Agriculture,13.32,30.0,1.54,565.95,0,1005.74,0.6
2024-01-01 15:20:00,LOC_003,17.758084392599947,84.16042316923203,Agriculture,13.4,30.0,0.65,576.28,0,1019.3,0.42
2024-01-01 15:25:00,LOC_003,17.758084392599947,84.16042316923203,Agriculture,13.23,32.47,1.49,518.04,0,1018.05,0.3
2024-01-01 15:30:00,LOC_003,17.758084392599947,84.16042316923203,Agriculture,12.02,30.0,0.85,504.58,3,1017.98,0.2
2024-01-01 15:35:00,LOC_003,17.758084392599947,84.16042316923203,Agriculture,15.75,32.6,1.28,569.32,0,1022.21,0.51
2024-01-01 15:40:00,LOC_003,17.758084392599947,84.16042316923203,Agriculture,13.65,30.0,1.2,538.53,0,1017.01,0.25
2024-01-01 15:45:00,LOC_003,17.758084392599947,84.16042316923203,Agriculture,19.02,34.71,1.46,574.52,0,1013.97,0.61
2024-01-01 15:50:00,LOC_003,17.758084392599947,84.16042316923203,Agriculture,14.02,34.64,1.42,521.97,0,1008.5,0.68
2024-01-01 15:55:00,LOC_003,17.758084392599947,84.16042316923203,Agriculture,14.43,30.0,1.75,587.14,0,1011.02,0.25
2024-01-01 16:00:00,LOC_003,17.758084392599947,84.16042316923203,Agriculture,10.1,30.0,2.24,351.57,0,1012.86,0.5
2024-01-01 16:05:00,LOC_003,17.758084392599947,84.16042316923203,Agriculture,10.89,32.98,1.94,434.2,0,1004.22,0.72
2024-01-01 16:10:00,LOC_003,17.758084392599947,84.16042316923203,Agriculture,10.33,30.0,1.63,410.09,0,1018.7,0.41
2024-01-01 16:15:00,LOC_003,17.758084392599947,84.16042316923203,Agriculture,10.19,39.87,1.59,365.38,2,1014.61,0.27
2024-01-01 16:20:00,LOC_003,17.758084392599947,84.16042316923203,Agriculture,11.28,42.46,0.9,416.14,0,1023.56,0.34
2024-01-01 16:25:00,LOC_003,17.758084392599947,84.16042316923203,Agriculture,12.06,33.42,1.47,410.92,0,1012.77,0.48
2024-01-01 16:30:00,LOC_003,17.758084392599947,84.16042316923203,Agriculture,13.15,32.11,1.77,445.71,0,1007.84,0.52
2024-01-01 16:35:00,LOC_003,17.758084392599947,84.16042316923203,Agriculture,11.37,30.95,2.26,422.43,1,1018.92,0.74
2024-01-01 16:40:00,LOC_003,17.758084392599947,84.16042316923203,Agriculture,11.14,36.14,1.31,402.68,0,1020.87,0.48
2024-01-01 16:45:00,LOC_003,17.758084392599947,84.16042316923203,Agriculture,11.77,33.64,0.82,461.96,0,1006.62,0.57
2024-01-01 16:50:00,LOC_003,17.758084392599947,84.16042316923203,Agriculture,10.42,30.0,1.28,373.73,1,1013.26,0.58
2024-01-01 16:55:00,LOC_003,17.758084392599947,84.16042316923203,Agriculture,11.38,30.48,0.95,390.72,0,1013.82,0.24
2024-01-01 17:00:00,LOC_003,17.758084392599947,84.16042316923203,Agriculture,8.97,30.0,1.58,164.06,1,1020.55,0.74
2024-01-01 17:05:00,LOC_003,17.758084392599947,84.16042316923203,Agriculture,7.98,36.05,1.16,221.11,0,1007.91,0.76
2024-01-01 17:10:00,LOC_003,17.758084392599947,84.16042316923203,Agriculture,8.32,30.0,0.96,213.95,0,1000.47,0.49
2024-01-01 17:15:00,LOC_003,17.758084392599947,84.16042316923203,Agriculture,9.75,33.12,2.15,213.04,1,1010.39,0.39
2024-01-01 17:20:00,LOC_003,17.758084392599947,84.16042316923203,Agriculture,8.4,30.18,1.9,178.06,0,1013.25,0.67
2024-01-01 17:25:00,LOC_003,17.758084392599947,84.16042316923203,Agriculture,9.1,30.5,0.9,207.19,0,1008.39,0.5
2024-01-01 17:30:00,LOC_003,17.758084392599947,84.16042316923203,Agriculture,7.27,34.43,1.61,162.06,0,1018.25,0.63
2024-01-01 17:35:00,LOC_003,17.758084392599947,84.16042316923203,Agriculture,8.22,30.0,1.23,192.12,0,1012.56,0.32
2024-01-01 17:40:00,LOC_003,17.758084392599947,84.16042316923203,Agriculture,7.54,30.0,1.5,173.59,1,1013.15,0.22
2024-01-01 17:45:00,LOC_003,17.758084392599947,84.16042316923203,Agriculture,7.0,30.52,0.81,176.46,0,1024.92,0.33
2024-01-01 17:50:00,LOC_003,17.758084392599947,84.16042316923203,Agriculture,8.4,33.81,1.13,197.39,0,1006.15,0.42
2024-01-01 17:55:00,LOC_003,17.758084392599947,84.16042316923203,Agriculture,6.24,30.0,1.49,165.67,0,1015.08,0.29
2024-01-01 18:00:00,LOC_003,17.758084392599947,84.16042316923203,Agriculture,7.14,30.0,1.52,0.0,0,1016.65,0.28
2024-01-01 18:05:00,LOC_003,17.758084392599947,84.16042316923203,Agriculture,7.14,30.61,1.05,0.0,0,1001.01,0.54
2024-01-01 18:10:00,LOC_003,17.758084392599947,84.16042316923203,Agriculture,6.41,36.21,1.25,0.0,0,1016.82,0.47
2024-01-01 18:15:00,LOC_003,17.758084392599947,84.16042316923203,Agriculture,5.59,32.46,2.15,0.0,2,1016.25,0.2
2024-01-01 18:20:00,LOC_003,17.758084392599947,84.16042316923203,Agriculture,4.48,31.98,1.86,0.0,1,1005.88,0.5
2024-01-01 18:25:00,LOC_003,17.758084392599947,84.16042316923203,Agriculture,8.12,35.24,0.9,0.0,1,1020.81,0.56
2024-01-01 18:30:00,LOC_003,17.758084392599947,84.16042316923203,Agriculture,6.49,30.81,1.83,51.52,1,1013.36,0.7
2024-01-01 18:35:00,LOC_003,17.758084392599947,84.16042316923203,Agriculture,3.63,32.4,1.4,0.0,1,1013.83,0.34
2024-01-01 18:40:00,LOC_003,17.758084392599947,84.16042316923203,Agriculture,4.11,32.11,0.48,17.15,0,1017.32,0.79
2024-01-01 18:45:00,LOC_003,17.758084392599947,84.16042316923203,Agriculture,5.69,30.0,1.24,0.0,0,1015.52,0.42
2024-01-01 18:50:00,LOC_003,17.758084392599947,84.16042316923203,Agriculture,6.75,30.0,1.5,42.57,1,1017.09,0.64
2024-01-01 18:55:00,LOC_003,17.758084392599947,84.16042316923203,Agriculture,5.63,35.69,1.58,19.73,0,1013.44,0.8
2024-01-01 19:00:00,LOC_003,17.758084392599947,84.16042316923203,Agriculture,6.01,30.0,1.34,0.0,1,1012.0,0.48
2024-01-01 19:05:00,LOC_003,17.758084392599947,84.16042316923203,Agriculture,6.76,30.0,1.84,0.0,1,1006.29,0.79
2024-01-01 19:10:00,LOC_003,17.758084392599947,84.16042316923203,Agriculture,5.08,30.0,1.42,21.07,1,1009.77,0.21
2024-01-01 19:15:00,LOC_003,17.758084392599947,84.16042316923203,Agriculture,5.77,31.84,1.47,34.53,1,1016.48,0.59
2024-01-01 19:20:00,LOC_003,17.758084392599947,84.16042316923203,Agriculture,4.95,30.0,2.03,0.0,1,1006.18,0.51
2024-01-01 19:25:00,LOC_003,17.758084392599947,84.16042316923203,Agriculture,6.31,30.0,1.11,0.0,1,1015.86,0.69
2024-01-01 19:30:00,LOC_003,17.758084392599947,84.16042316923203,Agriculture,5.85,33.22,1.48,4.95,0,1016.39,0.42
2024-01-01 19:35:00,LOC_003,17.758084392599947,84.16042316923203,Agriculture,4.78,30.0,1.77,12.92,1,1013.7,0.7
2024-01-01 19:40:00,LOC_003,17.758084392599947,84.16042316923203,Agriculture,4.59,30.55,1.05,0.0,0,1016.74,0.47
2024-01-01 19:45:00,LOC_003,17.758084392599947,84.16042316923203,Agriculture,5.44,32.78,1.47,0.0,0,1016.35,0.5
2024-01-01 19:50:00,LOC_003,17.758084392599947,84.16042316923203,Agriculture,4.96,30.0,1.0,0.0,1,1009.65,0.41
2024-01-01 19:55:00,LOC_003,17.758084392599947,84.16042316923203,Agriculture,3.47,30.0,0.69,1.13,0,1021.89,0.35
2024-01-01 20:00:00,LOC_003,17.758084392599947,84.16042316923203,Agriculture,5.39,30.0,1.26,0.0,0,1024.23,0.25
2024-01-01 20:05:00,LOC_003,17.758084392599947,84.16042316923203,Agriculture,8.95,34.73,1.27,0.0,0,1011.01,0.34
2024-01-01 20:10:00,LOC_003,17.758084392599947,84.16042316923203,Agriculture,5.39,30.0,1.76,18.02,1,1017.55,0.47
2024-01-01 20:15:00,LOC_003,17.758084392599947,84.16042316923203,Agriculture,7.09,30.0,1.83,19.48,1,1014.41,0.49
2024-01-01 20:20:00,LOC_003,17.758084392599947,84.16042316923203,Agriculture,6.69,34.72,1.33,0.0,0,1015.07,0.62
2024-01-01 20:25:00,LOC_003,17.758084392599947,84.16042316923203,Agriculture,7.0,35.65,1.01,0.0,0,1019.41,0.46
2024-01-01 20:30:00,LOC_003,17.758084392599947,84.16042316923203,Agriculture,7.66,30.0,0.58,51.83,1,1026.55,0.35
2024-01-01 20:35:00,LOC_003,17.758084392599947,84.16042316923203,Agriculture,7.39,31.34,2.22,38.87,0,1020.32,0.4
2024-01-01 20:40:00,LOC_003,17.758084392599947,84.16042316923203,Agriculture,6.57,36.83,1.55,0.0,0,1015.95,0.38
2024-01-01 20:45:00,LOC_003,17.758084392599947,84.16042316923203,Agriculture,5.5,37.79,1.66,0.0,1,1006.23,0.22
2024-01-01 20:50:00,LOC_003,17.758084392599947,84.16042316923203,Agriculture,7.96,34.52,2.21,0.0,0,1019.86,0.45
2024-01-01 20:55:00,LOC_003,17.758084392599947,84.16042316923203,Agriculture,8.08,30.89,2.16,16.88,0,1010.31,0.43
2024-01-01 21:00:00,LOC_003,17.758084392599947,84.16042316923203,Agriculture,10.33,30.0,0.51,0.0,0,1016.37,0.22
2024-01-01 21:05:00,LOC_003,17.758084392599947,84.16042316923203,Agriculture,8.88,47.46,2.46,33.97,0,1012.4,0.32
2024-01-01 21:10:00,LOC_003,17.758084392599947,84.16042316923203,Agriculture,5.55,37.7,1.19,0.0,1,1016.86,0.27
2024-01-01 21:15:00,LOC_003,17.758084392599947,84.16042316923203,Agriculture,8.38,40.35,1.87,5.17,0,1015.62,0.52
2024-01-01 21:20:00,LOC_003,17.758084392599947,84.16042316923203,Agriculture,8.54,37.52,2.09,0.0,0,1018.45,0.31
2024-01-01 21:25:00,LOC_003,17.758084392599947,84.16042316923203,Agriculture,7.9,41.12,1.48,0.0,0,1011.95,0.34
2024-01-01 21:30:00,LOC_003,17.758084392599947,84.16042316923203,Agriculture,9.14,35.47,1.44,0.0,0,1021.66,0.76
2024-01-01 21:35:00,LOC_003,17.758084392599947,84.16042316923203,Agriculture,9.97,39.6,1.18,72.09,0,1018.71,0.74
2024-01-01 21:40:00,LOC_003,17.758084392599947,84.16042316923203,Agriculture,8.21,36.84,1.59,0.0,0,1011.16,0.37
2024-01-01 21:45:00,LOC_003,17.758084392599947,84.16042316923203,Agriculture,8.91,36.08,2.31,0.0,0,1013.23,0.26
2024-01-01 21:50:00,LOC_003,17.758084392599947,84.16042316923203,Agriculture,8.84,31.5,1.77,32.61,0,1007.79,0.45
2024-01-01 21:55:00,LOC_003,17.758084392599947,84.16042316923203,Agriculture,9.44,36.36,2.06,0.0,0,1016.79,0.54
2024-01-01 22:00:00,LOC_003,17.758084392599947,84.16042316923203,Agriculture,9.95,45.98,1.49,0.0,0,1014.37,0.2
2024-01-01 22:05:00,LOC_003,17.758084392599947,84.16042316923203,Agriculture,11.8,37.31,2.09,5.65,1,1007.62,0.69
2024-01-01 22:10:00,LOC_003,17.758084392599947,84.16042316923203,Agriculture,10.77,30.0,1.16,6.48,0,1003.49,0.62
2024-01-01 22:15:00,LOC_003,17.758084392599947,84.16042316923203,Agriculture,12.15,47.04,1.52,22.71,0,1005.07,0.39
2024-01-01 22:20:00,LOC_003,17.758084392599947,84.16042316923203,Agriculture,11.72,36.16,2.0,0.0,1,1012.93,0.63
2024-01-01 22:25:00,LOC_003,17.758084392599947,84.16042316923203,Agriculture,11.76,40.48,1.18,0.0,1,1012.69,0.28
2024-01-01 22:30:00,LOC_003,17.758084392599947,84.16042316923203,Agriculture,8.81,42.13,1.34,0.0,0,1019.83,0.33
2024-01-01 22:35:00,LOC_003,17.758084392599947,84.16042316923203,Agriculture,11.75,46.22,1.98,76.48,0,1016.16,0.49
2024-01-01 22:40:00,LOC_003,17.758084392599947,84.16042316923203,Agriculture,12.25,42.4,0.69,20.05,0,1017.43,0.6
2024-01-01 22:45:00,LOC_003,17.758084392599947,84.16042316923203,Agriculture,10.76,43.83,1.44,35.65,0,1010.22,0.44
2024-01-01 22:50:00,LOC_003,17.758084392599947,84.16042316923203,Agriculture,12.32,43.22,2.17,0.0,0,1011.53,0.8
2024-01-01 22:55:00,LOC_003,17.758084392599947,84.16042316923203,Agriculture,11.44,43.1,1.93,104.5,0,1019.0,0.71
2024-01-01 23:00:00,LOC_003,17.758084392599947,84.16042316923203,Agriculture,12.91,43.44,2.16,0.0,0,1013.95,0.71
2024-01-01 23:05:00,LOC_003,17.758084392599947,84.16042316923203,Agriculture,13.07,41.48,1.91,0.0,0,1012.82,0.66
2024-01-01 23:10:00,LOC_003,17.758084392599947,84.16042316923203,Agriculture,12.37,44.39,1.32,0.0,0,1013.56,0.2
2024-01-01 23:15:00,LOC_003,17.758084392599947,84.16042316923203,Agriculture,12.81,49.38,0.65,53.57,0,1004.86,0.72
2024-01-01 23:20:00,LOC_003,17.758084392599947,84.16042316923203,Agriculture,15.1,46.13,1.19,23.35,0,1010.84,0.31
2024-01-01 23:25:00,LOC_003,17.758084392599947,84.16042316923203,Agriculture,11.49,51.59,1.05,0.0,1,1019.81,0.23
2024-01-01 23:30:00,LOC_003,17.758084392599947,84.16042316923203,Agriculture,12.63,46.04,1.84,27.22,1,1019.56,0.29
2024-01-01 23:35:00,LOC_003,17.758084392599947,84.16042316923203,Agriculture,13.5,52.58,1.79,21.65,0,1005.01,0.71
2024-01-01 23:40:00,LOC_003,17.758084392599947,84.16042316923203,Agriculture,13.59,47.74,1.94,0.0,0,1018.72,0.41
2024-01-01 23:45:00,LOC_003,17.758084392599947,84.16042316923203,Agriculture,13.73,46.45,1.62,0.0,0,1003.71,0.27
2024-01-01 23:50:00,LOC_003,17.758084392599947,84.16042316923203,Agriculture,12.42,50.73,1.68,23.02,0,1014.62,0.6
2024-01-01 23:55:00,LOC_003,17.758084392599947,84.16042316923203,Agriculture,14.08,45.23,1.7,14.57,1,1007.49,0.65
2024-01-01 00:00:00,LOC_004,16.617013491817993,81.35283223254085,Urban,17.67,52.17,0.85,0.0,0,1010.71,0.48
2024-01-01 00:05:00,LOC_004,16.617013491817993,81.35283223254085,Urban,16.98,45.56,1.62,34.76,1,1002.09,0.53
2024-01-01 00:10:00,LOC_004,16.617013491817993,81.35283223254085,Urban,15.18,40.85,1.6,7.87,0,1009.39,0.57
2024-01-01 00:15:00,LOC_004,16.617013491817993,81.35283223254085,Urban,18.97,57.87,1.86,34.59,1,1009.67,0.76
2024-01-01 00:20:00,LOC_004,16.617013491817993,81.35283223254085,Urban,14.54,47.43,0.88,8.64,0,1018.1,0.22
2024-01-01 00:25:00,LOC_004,16.617013491817993,81.35283223254085,Urban,16.87,55.72,1.19,7.37,0,1011.14,0.71
2024-01-01 00:30:00,LOC_004,16.617013491817993,81.35283223254085,Urban,17.49,45.83,1.41,45.67,0,1014.26,0.53
2024-01-01 00:35:00,LOC_004,16.617013491817993,81.35283223254085,Urban,15.73,41.86,1.33,37.64,0,1005.65,0.54
2024-01-01 00:40:00,LOC_004,16.617013491817993,81.35283223254085,Urban,14.84,49.84,0.75,0.0,0,1014.73,0.39
2024-01-01 00:45:00,LOC_004,16.617013491817993,81.35283223254085,Urban,14.84,52.01,1.93,25.8,0,1013.55,0.46
2024-01-01 00:50:00,LOC_004,16.617013491817993,81.35283223254085,Urban,17.34,55.58,1.35,0.0,0,1017.42,0.71
2024-01-01 00:55:00,LOC_004,16.617013491817993,81.35283223254085,Urban,17.89,46.95,1.16,0.0,0,1019.78,0.78
2024-01-01 01:00:00,LOC_004,16.617013491817993,81.35283223254085,Urban,19.07,55.25,1.58,0.0,0,1009.83,0.75
2024-01-01 01:05:00,LOC_004,16.617013491817993,81.35283223254085,Urban,19.92,54.37,1.32,0.0,1,1016.14,0.63
2024-01-01 01:10:00,LOC_004,16.617013491817993,81.35283223254085,Urban,17.7,57.54,0.7,0.0,1,1011.92,0.71
2024-01-01 01:15:00,LOC_004,16.617013491817993,81.35283223254085,Urban,18.09,60.13,1.93,0.0,0,1010.73,0.5
2024-01-01 01:20:00,LOC_004,16.617013491817993,81.35283223254085,Urban,18.45,50.91,0.57,0.0,0,1015.11,0.79
2024-01-01 01:25:00,LOC_004,16.617013491817993,81.35283223254085,Urban,18.64,62.21,1.58,5.93,0,1013.13,0.38
2024-01-01 01:30:00,LOC_004,16.617013491817993,81.35283223254085,Urban,17.68,52.76,1.26,0.0,0,1010.93,0.47
2024-01-01 01:35:00,LOC_004,16.617013491817993,81.35283223254085,Urban,19.54,55.76,0.55,0.0,0,1013.06,0.27
2024-01-01 01:40:00,LOC_004,16.617013491817993,81.35283223254085,Urban,18.54,46.84,1.36,0.0,0,1010.9,0.62
2024-01-01 01:45:00,LOC_004,16.617013491817993,81.35283223254085,Urban,18.15,63.15,1.47,7.96,0,1007.67,0.38
2024-01-01 01:50:00,LOC_004,16.617013491817993,81.35283223254085,Urban,20.34,63.57,1.18,0.0,0,1006.87,0.51
2024-01-01 01:55:00,LOC_004,16.617013491817993,81.35283223254085,Urban,19.47,44.99,1.92,3.18,0,1014.08,0.57
2024-01-01 02:00:00,LOC_004,16.617013491817993,81.35283223254085,Urban,22.4,57.62,1.58,27.76,0,1010.03,0.63
2024-01-01 02:05:00,LOC_004,16.617013491817993,81.35283223254085,Urban,20.32,62.96,1.52,3.56,0,1006.01,0.78
2024-01-01 02:10:00,LOC_004,16.617013491817993,81.35283223254085,Urban,20.39,53.49,2.19,0.0,0,1015.78,0.51
2024-01-01 02:15:00,LOC_004,16.617013491817993,81.35283223254085,Urban,21.95,50.68,1.42,0.0,0,1011.72,0.31
2024-01-01 02:20:00,LOC_004,16.617013491817993,81.35283223254085,Urban,21.12,66.19,1.74,0.0,0,1010.14,0.51
2024-01-01 02:25:00,LOC_004,16.617013491817993,81.35283223254085,Urban,20.53,50.51,1.21,0.0,0,1012.94,0.28
2024-01-01 02:30:00,LOC_004,16.617013491817993,81.35283223254085,Urban,21.68,71.05,0.64,0.0,1,1016.16,0.77
2024-01-01 02:35:00,LOC_004,16.617013491817993,81.35283223254085,Urban,22.71,65.17,1.45,0.0,0,1017.48,0.36
2024-01-01 02:40:00,LOC_004,16.617013491817993,81.35283223254085,Urban,20.31,59.59,1.61,0.0,0,1016.75,0.57
2024-01-01 02:45:00,LOC_004,16.617013491817993,81.35283223254085,Urban,21.32,63.47,1.2,0.0,0,1005.42,0.65
2024-01-01 02:50:00,LOC_004,16.617013491817993,81.35283223254085,Urban,21.22,56.71,2.35,0.0,0,1021.85,0.65
2024-01-01 02:55:00,LOC_004,16.617013491817993,81.35283223254085,Urban,23.25,63.17,0.96,0.0,0,1021.53,0.57
2024-01-01 03:00:00,LOC_004,16.617013491817993,81.35283223254085,Urban,23.64,54.89,1.85,12.3,1,1018.49,0.49
2024-01-01 03:05:00,LOC_004,16.617013491817993,81.35283223254085,Urban,23.21,64.65,0.95,0.0,0,1007.81,0.62
2024-01-01 03:10:00,LOC_004,16.617013491817993,81.35283223254085,Urban,23.94,60.93,2.22,0.0,0,1013.88,0.38
2024-01-01 03:15:00,LOC_004,16.617013491817993,81.35283223254085,Urban,25.63,67.25,2.07,28.93,0,1008.05,0.71
2024-01-01 03:20:00,LOC_004,16.617013491817993,81.35283223254085,Urban,22.98,62.45,1.27,48.07,0,1018.51,0.5
2024-01-01 03:25:00,LOC_004,16.617013491817993,81.35283223254085,Urban,22.3,62.74,1.95,24.2,0,1006.76,0.33
2024-01-01 03:30:00,LOC_004,16.617013491817993,81.35283223254085,Urban,22.98,66.78,1.74,40.22,0,1014.52,0.54
2024-01-01 03:35:00,LOC_004,16.617013491817993,81.35283223254085,Urban,22.27,55.76,1.54,9.43,1,1012.26,0.24
2024-01-01 03:40:00,LOC_004,16.617013491817993,81.35283223254085,Urban,22.52,67.71,0.24,0.0,0,1020.72,0.29
2024-01-01 03:45:00,LOC_004,16.617013491817993,81.35283223254085,Urban,23.12,62.6,1.45,0.0,0,1015.44,0.41
2024-01-01 03:50:00,LOC_004,16.617013491817993,81.35283223254085,Urban,21.9,54.45,1.73,0.0,0,1002.83,0.25
2024-01-01 03:55:00,LOC_004,16.617013491817993,81.35283223254085,Urban,23.5,70.25,2.6,0.0,0,1017.77,0.7
2024-01-01 04:00:00,LOC_004,16.617013491817993,81.35283223254085,Urban,25.39,73.37,1.32,58.44,0,1007.37,0.24
2024-01-01 04:05:00,LOC_004,16.617013491817993,81.35283223254085,Urban,23.36,72.54,1.84,0.0,1,1005.22,0.24
2024-01-01 04:10:00,LOC_004,16.617013491817993,81.35283223254085,Urban,26.01,58.98,0.83,9.34,0,1008.44,0.31
2024-01-01 04:15:00,LOC_004,16.617013491817993,81.35283223254085,Urban,25.55,67.66,1.31,0.0,0,1018.24,0.36
2024-01-01 04:20:00,LOC_004,16.617013491817993,81.35283223254085,Urban,23.54,66.76,1.83,0.0,0,1014.53,0.32
2024-01-01 04:25:00,LOC_004,16.617013491817993,81.35283223254085,Urban,24.65,72.21,1.43,13.84,0,1011.7,0.64
2024-01-01 04:30:00,LOC_004,16.617013491817993,81.35283223254085,Urban,24.43,67.58,1.6,0.0,1,1008.14,0.43
2024-01-01 04:35:00,LOC_004,16.617013491817993,81.35283223254085,Urban,23.59,72.86,1.68,0.0,1,1023.03,0.75
2024-01-01 04:40:00,LOC_004,16.617013491817993,81.35283223254085,Urban,23.66,65.63,1.65,10.36,1,1004.14,0.47
2024-01-01 04:45:00,LOC_004,16.617013491817993,81.35283223254085,Urban,26.46,65.21,0.88,71.57,0,1015.11,0.53
2024-01-01 04:50:00,LOC_004,16.617013491817993,81.35283223254085,Urban,25.2,57.04,1.58,88.04,0,1007.65,0.47
2024-01-01 04:55:00,LOC_004,16.617013491817993,81.35283223254085,Urban,26.03,74.66,1.8,37.68,1,1015.88,0.55
2024-01-01 05:00:00,LOC_004,16.617013491817993,81.35283223254085,Urban,25.85,69.89,2.05,33.29,1,1012.79,0.59
2024-01-01 05:05:00,LOC_004,16.617013491817993,81.35283223254085,Urban,24.95,76.21,0.67,4.14,0,1012.8,0.45
2024-01-01 05:10:00,LOC_004,16.617013491817993,81.35283223254085,Urban,25.62,70.74,1.59,0.0,0,1012.99,0.78
2024-01-01 05:15:00,LOC_004,16.617013491817993,81.35283223254085,Urban,25.37,69.43,1.94,35.54,0,1018.95,0.35
2024-01-01 05:20:00,LOC_004,16.617013491817993,81.35283223254085,Urban,25.77,76.7,1.6,0.0,1,1020.62,0.22
2024-01-01 05:25:00,LOC_004,16.617013491817993,81.35283223254085,Urban,25.89,69.49,1.08,22.94,0,1026.9,0.33
2024-01-01 05:30:00,LOC_004,16.617013491817993,81.35283223254085,Urban,24.98,78.04,2.04,0.0,2,1013.16,0.24
2024-01-01 05:35:00,LOC_004,16.617013491817993,81.35283223254085,Urban,25.19,64.96,0.94,41.4,1,1013.17,0.72
2024-01-01 05:40:00,LOC_004,16.617013491817993,81.35283223254085,Urban,23.31,70.89,2.13,0.0,1,1019.22,0.26
2024-01-01 05:45:00,LOC_004,16.617013491817993,81.35283223254085,Urban,24.63,76.68,1.51,0.0,0,1006.96,0.63
2024-01-01 05:50:00,LOC_004,16.617013491817993,81.35283223254085,Urban,25.43,66.39,1.55,33.08,0,1012.46,0.24
2024-01-01 05:55:00,LOC_004,16.617013491817993,81.35283223254085,Urban,24.98,72.38,2.41,35.27,0,1009.68,0.31
2024-01-01 06:00:00,LOC_004,16.617013491817993,81.35283223254085,Urban,26.04,70.08,2.21,52.16,0,1017.5,0.52
2024-01-01 06:05:00,LOC_004,16.617013491817993,81.35283223254085,Urban,27.52,72.36,1.22,14.16,0,1018.56,0.6
2024-01-01 06:10:00,LOC_004,16.617013491817993,81.35283223254085,Urban,25.27,70.16,2.72,0.0,0,1010.95,0.72
2024-01-01 06:15:00,LOC_004,16.617013491817993,81.35283223254085,Urban,24.65,68.17,1.26,12.47,1,998.0,0.53
2024-01-01 06:20:00,LOC_004,16.617013491817993,81.35283223254085,Urban,25.84,77.63,1.46,0.81,1,1005.61,0.36
2024-01-01 06:25:00,LOC_004,16.617013491817993,81.35283223254085,Urban,24.32,75.47,0.93,0.0,1,1003.99,0.23
2024-01-01 06:30:00,LOC_004,16.617013491817993,81.35283223254085,Urban,26.35,69.35,1.86,6.08,0,1015.08,0.21
2024-01-01 06:35:00,LOC_004,16.617013491817993,81.35283223254085,Urban,27.58,62.71,1.11,0.0,0,1011.78,0.25
2024-01-01 06:40:00,LOC_004,16.617013491817993,81.35283223254085,Urban,25.19,68.05,1.4,11.99,1,1010.16,0.35
2024-01-01 06:45:00,LOC_004,16.617013491817993,81.35283223254085,Urban,27.24,68.19,2.21,44.82,0,1012.23,0.76
2024-01-01 06:50:00,LOC_004,16.617013491817993,81.35283223254085,Urban,25.86,69.97,2.0,5.12,0,1010.95,0.46
2024-01-01 06:55:00,LOC_004,16.617013491817993,81.35283223254085,Urban,25.82,73.03,1.79,25.27,0,1015.0,0.45
2024-01-01 07:00:00,LOC_004,16.617013491817993,81.35283223254085,Urban,26.53,54.49,2.24,194.42,0,1008.19,0.42
2024-01-01 07:05:00,LOC_004,16.617013491817993,81.35283223254085,Urban,28.41,68.64,0.86,240.57,1,1011.43,0.66
2024-01-01 07:10:00,LOC_004,16.617013491817993,81.35283223254085,Urban,27.09,65.66,1.7,184.81,0,1021.14,0.28
2024-01-01 07:15:00,LOC_004,16.617013491817993,81.35283223254085,Urban,26.33,69.91,1.29,221.37,0,1013.15,0.41
2024-01-01 07:20:00,LOC_004,16.617013491817993,81.35283223254085,Urban,27.88,67.12,1.88,191.34,0,1010.7,0.43
2024-01-01 07:25:00,LOC_004,16.617013491817993,81.35283223254085,Urban,28.7,67.58,1.61,222.94,1,1016.14,0.21
2024-01-01 07:30:00,LOC_004,16.617013491817993,81.35283223254085,Urban,25.57,73.39,1.81,183.41,1,1006.11,0.28
2024-01-01 07:35:00,LOC_004,16.617013491817993,81.35283223254085,Urban,27.79,60.66,1.83,236.99,0,1014.69,0.27
2024-01-01 07:40:00,LOC_004,16.617013491817993,81.35283223254085,Urban,26.06,61.42,1.07,178.93,0,1015.26,0.47
2024-01-01 07:45:00,LOC_004,16.617013491817993,81.35283223254085,Urban,27.15,68.11,1.52,185.89,0,1012.32,0.2
2024-01-01 07:50:00,LOC_004,16.617013491817993,81.35283223254085,Urban,28.14,69.95,1.89,222.42,1,1009.79,0.63
2024-01-01 07:55:00,LOC_004,16.617013491817993,81.35283223254085,Urban,27.75,76.77,1.5,206.25,0,1019.42,0.67
2024-01-01 08:00:00,LOC_004,16.617013491817993,81.35283223254085,Urban,28.77,62.43,2.06,376.06,0,1012.85,0.5
2024-01-01 08:05:00,LOC_004,16.617013491817993,81.35283223254085,Urban,28.13,61.84,1.53,369.32,1,1014.97,0.78
2024-01-01 08:10:00,LOC_004,16.617013491817993,81.35283223254085,Urban,27.32,69.88,0.32,397.8,1,1006.8,0.56
2024-01-01 08:15:00,LOC_004,16.617013491817993,81.35283223254085,Urban,29.66,60.5,1.41,435.93,0,1018.96,0.26
2024-01-01 08:20:00,LOC_004,16.617013491817993,81.35283223254085,Urban,25.87,77.43,2.2,399.62,0,1014.18,0.37
2024-01-01 08:25:00,LOC_004,16.617013491817993,81.35283223254085,Urban,27.74,65.1,1.44,393.57,0,1020.81,0.59
2024-01-01 08:30:00,LOC_004,16.617013491817993,81.35283223254085,Urban,27.6,68.69,1.76,370.13,0,1017.44,0.34
2024-01-01 08:35:00,LOC_004,16.617013491817993,81.35283223254085,Urban,29.14,76.17,1.39,409.72,0,1017.3,0.26
2024-01-01 08:40:00,LOC_004,16.617013491817993,81.35283223254085,Urban,28.73,66.67,1.17,432.4,1,1015.9,0.61
2024-01-01 08:45:00,LOC_004,16.617013491817993,81.35283223254085,Urban,28.25,74.62,2.13,383.98,0,1006.48,0.38
2024-01-01 08:50:00,LOC_004,16.617013491817993,81.35283223254085,Urban,29.14,62.69,0.69,377.95,1,1013.35,0.75
2024-01-01 08:55:00,LOC_004,16.617013491817993,81.35283223254085,Urban,29.65,70.78,1.82,374.23,0,1014.92,0.54
2024-01-01 09:00:00,LOC_004,16.617013491817993,81.35283223254085,Urban,28.88,62.98,0.44,563.93,1,1009.79,0.7
2024-01-01 09:05:00,LOC_004,16.617013491817993,81.35283223254085,Urban,29.54,71.2,2.75,580.51,0,1013.45,0.49
2024-01-01 09:10:00,LOC_004,16.617013491817993,81.35283223254085,Urban,28.06,64.06,1.55,516.05,1,1012.68,0.29
2024-01-01 09:15:00,LOC_004,16.617013491817993,81.35283223254085,Urban,28.87,57.97,1.4,629.68,0,1009.61,0.59
2024-01-01 09:20:00,LOC_004,16.617013491817993,81.35283223254085,Urban,28.04,60.46,1.46,570.9,3,1009.99,0.28
2024-01-01 09:25:00,LOC_004,16.617013491817993,81.35283223254085,Urban,27.73,55.11,1.29,564.3,0,1014.08,0.56
2024-01-01 09:30:00,LOC_004,16.617013491817993,81.35283223254085,Urban,27.44,69.3,0.86,565.94,0,1009.39,0.38
2024-01-01 09:35:00,LOC_004,16.617013491817993,81.35283223254085,Urban,30.18,64.08,1.4,585.32,0,1004.86,0.74
2024-01-01 09:40:00,LOC_004,16.617013491817993,81.35283223254085,Urban,29.19,70.73,1.57,511.63,0,1016.29,0.79
2024-01-01 09:45:00,LOC_004,16.617013491817993,81.35283223254085,Urban,29.86,65.67,1.61,602.86,1,1009.57,0.47
2024-01-01 09:50:00,LOC_004,16.617013491817993,81.35283223254085,Urban,27.73,63.32,1.51,492.21,0,1012.77,0.56
2024-01-01 09:55:00,LOC_004,16.617013491817993,81.35283223254085,Urban,29.01,56.6,1.4,578.09,0,1005.42,0.76
2024-01-01 10:00:00,LOC_004,16.617013491817993,81.35283223254085,Urban,26.41,59.01,1.75,653.4,0,1013.92,0.22
2024-01-01 10:05:00,LOC_004,16.617013491817993,81.35283223254085,Urban,25.79,54.4,1.63,673.95,0,1010.52,0.23
2024-01-01 10:10:00,LOC_004,16.617013491817993,81.35283223254085,Urban,28.84,61.93,1.12,731.47,0,1002.85,0.4
2024-01-01 10:15:00,LOC_004,16.617013491817993,81.35283223254085,Urban,27.09,60.62,1.55,716.46,0,1006.89,0.69
2024-01-01 10:20:00,LOC_004,16.617013491817993,81.35283223254085,Urban,28.84,64.56,1.77,622.98,0,1012.11,0.38
2024-01-01 10:25:00,LOC_004,16.617013491817993,81.35283223254085,Urban,28.26,65.64,2.24,717.87,0,1002.46,0.46
2024-01-01 10:30:00,LOC_004,16.617013491817993,81.35283223254085,Urban,26.77,61.98,1.96,669.4,0,1009.88,0.32
2024-01-01 10:35:00,LOC_004,16.617013491817993,81.35283223254085,Urban,27.06,64.13,1.52,661.6,0,1012.14,0.5
2024-01-01 10:40:00,LOC_004,16.617013491817993,81.35283223254085,Urban,29.0,53.86,1.04,673.04,1,1008.66,0.77
2024-01-01 10:45:00,LOC_004,16.617013491817993,81.35283223254085,Urban,28.18,62.8,1.64,664.6,0,1019.33,0.62
2024-01-01 10:50:00,LOC_004,16.617013491817993,81.35283223254085,Urban,27.77,70.52,1.55,669.35,1,1024.83,0.37
2024-01-01 10:55:00,LOC_004,16.617013491817993,81.35283223254085,Urban,27.16,53.92,1.39,699.03,1,1007.32,0.32
2024-01-01 11:00:00,LOC_004,16.617013491817993,81.35283223254085,Urban,25.17,54.03,1.17,707.73,0,1004.63,0.69
2024-01-01 11:05:00,LOC_004,16.617013491817993,81.35283223254085,Urban,26.47,63.16,1.64,781.06,0,1008.24,0.61
2024-01-01 11:10:00,LOC_004,16.617013491817993,81.35283223254085,Urban,26.21,56.77,1.39,745.4,1,1009.98,0.6
2024-01-01 11:15:00,LOC_004,16.617013491817993,81.35283223254085,Urban,26.72,50.4,1.28,781.37,0,1012.1,0.22
2024-01-01 11:20:00,LOC_004,16.617013491817993,81.35283223254085,Urban,26.25,57.75,2.03,816.31,1,1009.39,0.42
2024-01-01 11:25:00,LOC_004,16.617013491817993,81.35283223254085,Urban,26.57,48.66,1.61,760.89,0,1016.92,0.77
2024-01-01 11:30:00,LOC_004,16.617013491817993,81.35283223254085,Urban,26.97,51.39,1.69,793.5,0,1012.11,0.39
2024-01-01 11:35:00,LOC_004,16.617013491817993,81.35283223254085,Urban,25.73,72.4,1.33,811.24,0,1016.9,0.5
2024-01-01 11:40:00,LOC_004,16.617013491817993,81.35283223254085,Urban,24.55,58.67,1.08,729.36,0,1018.38,0.61
2024-01-01 11:45:00,LOC_004,16.617013491817993,81.35283223254085,Urban,27.73,57.7,1.01,772.12,0,1020.81,0.65
2024-01-01 11:50:00,LOC_004,16.617013491817993,81.35283223254085,Urban,26.24,57.42,1.52,747.23,1,1008.69,0.59
2024-01-01 11:55:00,LOC_004,16.617013491817993,81.35283223254085,Urban,24.26,62.04,1.08,741.7,0,1012.86,0.31
2024-01-01 12:00:00,LOC_004,16.617013491817993,81.35283223254085,Urban,22.64,45.29,1.43,819.15,0,1008.53,0.26
2024-01-01 12:05:00,LOC_004,16.617013491817993,81.35283223254085,Urban,23.35,54.6,1.82,766.31,1,1016.21,0.27
2024-01-01 12:10:00,LOC_004,16.617013491817993,81.35283223254085,Urban,24.01,51.03,1.53,812.08,1,1016.93,0.48
2024-01-01 12:15:00,LOC_004,16.617013491817993,81.35283223254085,Urban,24.5,47.73,1.5,787.72,0,1015.79,0.72
2024-01-01 12:20:00,LOC_004,16.617013491817993,81.35283223254085,Urban,22.66,48.42,2.47,806.57,2,1020.44,0.79
2024-01-01 12:25:00,LOC_004,16.617013491817993,81.35283223254085,Urban,24.29,44.83,0.91,795.13,0,1019.9,0.77
2024-01-01 12:30:00,LOC_004,16.617013491817993,81.35283223254085,Urban,24.01,50.99,0.58,779.04,1,1007.01,0.7
2024-01-01 12:35:00,LOC_004,16.617013491817993,81.35283223254085,Urban,23.05,46.63,0.88,737.06,0,1010.05,0.45
2024-01-01 12:40:00,LOC_004,16.617013491817993,81.35283223254085,Urban,25.01,46.91,1.52,837.27,1,1011.79,0.63
2024-01-01 12:45:00,LOC_004,16.617013491817993,81.35283223254085,Urban,23.96,56.16,0.94,761.17,0,1008.15,0.62
2024-01-01 12:50:00,LOC_004,16.617013491817993,81.35283223254085,Urban,25.81,48.31,1.17,816.81,0,1016.57,0.74
2024-01-01 12:55:00,LOC_004,16.617013491817993,81.35283223254085,Urban,24.57,45.25,1.36,863.37,0,1014.17,0.73
2024-01-01 13:00:00,LOC_004,16.617013491817993,81.35283223254085,Urban,20.22,45.26,1.71,757.83,0,1011.21,0.31
2024-01-01 13:05:00,LOC_004,16.617013491817993,81.35283223254085,Urban,21.3,39.65,1.96,802.01,1,1006.87,0.32
2024-01-01 13:10:00,LOC_004,16.617013491817993,81.35283223254085,Urban,21.48,41.62,1.7,815.28,0,1012.4,0.43
2024-01-01 13:15:00,LOC_004,16.617013491817993,81.35283223254085,Urban,22.06,45.13,1.29,769.76,0,1005.12,0.78
2024-01-01 13:20:00,LOC_004,16.617013491817993,81.35283223254085,Urban,22.28,37.81,2.08,794.88,0,1013.55,0.58
2024-01-01 13:25:00,LOC_004,16.617013491817993,81.35283223254085,Urban,20.55,43.08,1.26,848.71,0,1004.82,0.34
2024-01-01 13:30:00,LOC_004,16.617013491817993,81.35283223254085,Urban,20.16,40.63,0.98,760.09,0,1000.1,0.37
2024-01-01 13:35:00,LOC_004,16.617013491817993,81.35283223254085,Urban,21.08,48.78,1.21,762.71,0,1010.72,0.35
2024-01-01 13:40:00,LOC_004,16.617013491817993,81.35283223254085,Urban,20.6,49.6,1.25,781.29,0,1014.37,0.63
2024-01-01 13:45:00,LOC_004,16.617013491817993,81.35283223254085,Urban,20.97,48.5,1.08,746.96,0,1008.94,0.66
2024-01-01 13:50:00,LOC_004,16.617013491817993,81.35283223254085,Urban,21.45,46.37,2.07,821.64,0,1015.15,0.2
2024-01-01 13:55:00,LOC_004,16.617013491817993,81.35283223254085,Urban,21.81,55.65,1.35,736.38,0,1015.4,0.37
2024-01-01 14:00:00,LOC_004,16.617013491817993,81.35283223254085,Urban,17.18,44.87,0.48,664.3,0,1005.41,0.5
2024-01-01 14:05:00,LOC_004,16.617013491817993,81.35283223254085,Urban,17.16,46.15,1.68,639.35,0,1017.95,0.39
2024-01-01 14:10:00,LOC_004,16.617013491817993,81.35283223254085,Urban,17.25,39.75,1.79,700.6,1,1011.54,0.41
2024-01-01 14:15:00,LOC_004,16.617013491817993,81.35283223254085,Urban,17.35,50.49,2.41,642.78,0,1009.37,0.65
2024-01-01 14:20:00,LOC_004,16.617013491817993,81.35283223254085,Urban,18.93,40.52,1.26,713.67,0,1019.14,0.8
2024-01-01 14:25:00,LOC_004,16.617013491817993,81.35283223254085,Urban,17.36,34.28,1.54,678.76,1,1007.48,0.38
2024-01-01 14:30:00,LOC_004,16.617013491817993,81.35283223254085,Urban,18.01,34.32,1.83,724.85,1,1007.31,0.73
2024-01-01 14:35:00,LOC_004,16.617013491817993,81.35283223254085,Urban,17.54,36.0,1.38,701.69,1,1010.04,0.49
2024-01-01 14:40:00,LOC_004,16.617013491817993,81.35283223254085,Urban,16.55,47.66,1.73,631.09,2,1012.44,0.25
2024-01-01 14:45:00,LOC_004,16.617013491817993,81.35283223254085,Urban,19.37,42.03,1.46,718.37,0,1018.21,0.59
2024-01-01 14:50:00,LOC_004,16.617013491817993,81.35283223254085,Urban,19.31,42.77,2.07,761.14,1,1021.39,0.47
2024-01-01 14:55:00,LOC_004,16.617013491817993,81.35283223254085,Urban,20.14,43.87,2.66,667.88,1,1000.67,0.38
2024-01-01 15:00:00,LOC_004,16.617013491817993,81.35283223254085,Urban,15.51,32.88,2.19,591.07,0,1021.67,0.74
2024-01-01 15:05:00,LOC_004,16.617013491817993,81.35283223254085,Urban,14.08,34.34,1.88,555.06,0,1017.06,0.6
2024-01-01 15:10:00,LOC_004,16.617013491817993,81.35283223254085,Urban,15.2,31.65,1.32,576.69,0,1017.17,0.54
2024-01-01 15:15:00,LOC_004,16.617013491817993,81.35283223254085,Urban,14.09,30.0,1.25,538.62,0,1007.41,0.56
2024-01-01 15:20:00,LOC_004,16.617013491817993,81.35283223254085,Urban,15.47,35.48,1.57,586.8,1,1012.43,0.6
2024-01-01 15:25:00,LOC_004,16.617013491817993,81.35283223254085,Urban,13.84,34.08,1.26,539.22,0,1017.64,0.32
2024-01-01 15:30:00,LOC_004,16.617013491817993,81.35283223254085,Urban,15.61,40.05,0.91,594.35,0,1010.23,0.49
2024-01-01 15:35:00,LOC_004,16.617013491817993,81.35283223254085,Urban,15.17,40.7,1.65,579.58,0,1004.16,0.73
2024-01-01 15:40:00,LOC_004,16.617013491817993,81.35283223254085,Urban,14.67,30.0,1.92,539.08,0,1010.57,0.41
2024-01-01 15:45:00,LOC_004,16.617013491817993,81.35283223254085,Urban,13.59,32.01,0.85,562.97,0,1024.9,0.44
2024-01-01 15:50:00,LOC_004,16.617013491817993,81.35283223254085,Urban,16.59,41.49,1.16,557.15,0,1007.87,0.52
2024-01-01 15:55:00,LOC_004,16.617013491817993,81.35283223254085,Urban,15.66,30.95,1.87,515.4,1,1016.13,0.51
2024-01-01 16:00:00,LOC_004,16.617013491817993,81.35283223254085,Urban,13.28,34.75,1.35,410.07,0,1018.26,0.75
2024-01-01 16:05:00,LOC_004,16.617013491817993,81.35283223254085,Urban,12.27,34.17,2.22,413.77,1,1009.46,0.69
2024-01-01 16:10:00,LOC_004,16.617013491817993,81.35283223254085,Urban,11.8,30.0,2.38,412.82,0,1013.75,0.65
2024-01-01 16:15:00,LOC_004,16.617013491817993,81.35283223254085,Urban,10.78,30.0,0.87,382.6,1,1012.55,0.62
2024-01-01 16:20:00,LOC_004,16.617013491817993,81.35283223254085,Urban,11.15,31.77,1.21,435.05,1,1013.03,0.5
2024-01-01 16:25:00,LOC_004,16.617013491817993,81.35283223254085,Urban,13.54,30.0,2.45,443.15,0,1020.77,0.69
2024-01-01 16:30:00,LOC_004,16.617013491817993,81.35283223254085,Urban,10.93,39.76,0.87,393.5,1,1013.08,0.23
2024-01-01 16:35:00,LOC_004,16.617013491817993,81.35283223254085,Urban,9.66,30.0,1.65,410.9,0,1013.41,0.38
2024-01-01 16:40:00,LOC_004,16.617013491817993,81.35283223254085,Urban,13.14,30.0,1.6,384.06,0,1018.86,0.53
2024-01-01 16:45:00,LOC_004,16.617013491817993,81.35283223254085,Urban,9.99,35.65,1.27,445.34,0,1007.0,0.25
2024-01-01 16:50:00,LOC_004,16.617013491817993,81.35283223254085,Urban,10.53,35.07,1.02,394.08,1,1005.99,0.3
2024-01-01 16:55:00,LOC_004,16.617013491817993,81.35283223254085,Urban,11.02,32.3,1.2,370.72,0,1006.69,0.8
2024-01-01 17:00:00,LOC_004,16.617013491817993,81.35283223254085,Urban,8.73,30.0,1.63,197.51,0,1018.42,0.68
2024-01-01 17:05:00,LOC_004,16.617013491817993,81.35283223254085,Urban,8.01,32.65,1.06,172.72,0,1003.85,0.49
2024-01-01 17:10:00,LOC_004,16.617013491817993,81.35283223254085,Urban,7.75,30.0,1.52,262.55,0,1014.03,0.34
2024-01-01 17:15:00,LOC_004,16.617013491817993,81.35283223254085,Urban,8.75,30.0,0.84,278.95,0,1013.6,0.2
2024-01-01 17:20:00,LOC_004,16.617013491817993,81.35283223254085,Urban,9.97,34.04,1.33,207.88,2,1011.48,0.79
2024-01-01 17:25:00,LOC_004,16.617013491817993,81.35283223254085,Urban,7.96,30.0,1.44,176.34,0,1017.24,0.49
2024-01-01 17:30:00,LOC_004,16.617013491817993,81.35283223254085,Urban,8.74,30.0,0.81,243.64,0,1015.35,0.34
2024-01-01 17:35:00,LOC_004,16.617013491817993,81.35283223254085,Urban,7.61,33.58,1.49,175.37,0,1010.13,0.26
2024-01-01 17:40:00,LOC_004,16.617013491817993,81.35283223254085,Urban,7.9,30.0,1.14,195.29,0,1007.61,0.73
2024-01-01 17:45:00,LOC_004,16.617013491817993,81.35283223254085,Urban,8.44,30.0,1.99,212.3,1,1017.71,0.64
2024-01-01 17:50:00,LOC_004,16.617013491817993,81.35283223254085,Urban,10.82,30.0,1.08,244.77,0,1007.38,0.26
2024-01-01 17:55:00,LOC_004,16.617013491817993,81.35283223254085,Urban,11.47,35.11,1.57,225.0,0,1012.87,0.69
2024-01-01 18:00:00,LOC_004,16.617013491817993,81.35283223254085,Urban,6.61,30.0,1.87,0.0,1,1016.66,0.46
2024-01-01 18:05:00,LOC_004,16.617013491817993,81.35283223254085,Urban,4.34,30.0,0.87,36.64,0,1011.96,0.55
2024-01-01 18:10:00,LOC_004,16.617013491817993,81.35283223254085,Urban,3.66,37.97,1.54,1.06,0,1006.38,0.21
2024-01-01 18:15:00,LOC_004,16.617013491817993,81.35283223254085,Urban,7.61,30.0,1.24,36.71,1,1013.38,0.47
2024-01-01 18:20:00,LOC_004,16.617013491817993,81.35283223254085,Urban,4.59,33.13,0.66,0.0,0,1015.41,0.64
2024-01-01 18:25:00,LOC_004,16.617013491817993,81.35283223254085,Urban,3.99,32.8,0.97,0.0,1,1009.83,0.25
2024-01-01 18:30:00,LOC_004,16.617013491817993,81.35283223254085,Urban,6.11,30.0,0.3,0.0,0,1015.51,0.33
2024-01-01 18:35:00,LOC_004,16.617013491817993,81.35283223254085,Urban,6.54,34.78,0.78,0.0,0,1010.19,0.59
2024-01-01 18:40:00,LOC_004,16.617013491817993,81.35283223254085,Urban,6.16,30.0,2.37,1.06,0,1017.74,0.23
2024-01-01 18:45:00,LOC_004,16.617013491817993,81.35283223254085,Urban,6.64,30.0,1.59,26.72,0,1017.24,0.77
2024-01-01 18:50:00,LOC_004,16.617013491817993,81.35283223254085,Urban,4.77,37.17,1.5,12.62,0,1014.63,0.44
2024-01-01 18:55:00,LOC_004,16.617013491817993,81.35283223254085,Urban,6.75,30.0,1.51,29.91,1,1015.71,0.76
2024-01-01 19:00:00,LOC_004,16.617013491817993,81.35283223254085,Urban,5.25,30.0,1.5,14.01,0,1008.52,0.35
2024-01-01 19:05:00,LOC_004,16.617013491817993,81.35283223254085,Urban,4.76,30.68,2.09,25.64,1,1012.51,0.22
2024-01-01 19:10:00,LOC_004,16.617013491817993,81.35283223254085,Urban,8.97,34.46,1.57,1.18,0,1011.04,0.64
2024-01-01 19:15:00,LOC_004,16.617013491817993,81.35283223254085,Urban,6.73,34.29,0.95,9.06,0,1018.36,0.32
2024-01-01 19:20:00,LOC_004,16.617013491817993,81.35283223254085,Urban,7.8,34.81,1.95,0.0,0,1014.38,0.55
2024-01-01 19:25:00,LOC_004,16.617013491817993,81.35283223254085,Urban,6.67,30.0,1.47,0.0,0,1020.17,0.71
2024-01-01 19:30:00,LOC_004,16.617013491817993,81.35283223254085,Urban,4.32,32.09,1.78,0.0,0,1017.38,0.28
2024-01-01 19:35:00,LOC_004,16.617013491817993,81.35283223254085,Urban,5.17,30.0,1.37,2.74,0,1009.71,0.2
2024-01-01 19:40:00,LOC_004,16.617013491817993,81.35283223254085,Urban,6.05,30.61,1.11,0.0,0,1015.24,0.67
2024-01-01 19:45:00,LOC_004,16.617013491817993,81.35283223254085,Urban,7.29,30.0,1.8,0.0,0,1014.69,0.44
2024-01-01 19:50:00,LOC_004,16.617013491817993,81.35283223254085,Urban,7.3,34.76,1.77,0.0,0,1015.46,0.67
2024-01-01 19:55:00,LOC_004,16.617013491817993,81.35283223254085,Urban,6.22,30.0,1.66,0.0,1,1020.71,0.51
2024-01-01 20:00:00,LOC_004,16.617013491817993,81.35283223254085,Urban,10.21,34.49,1.93,8.35,0,1017.7,0.76
2024-01-01 20:05:00,LOC_004,16.617013491817993,81.35283223254085,Urban,4.71,30.0,1.14,0.0,1,1016.12,0.32
2024-01-01 20:10:00,LOC_004,16.617013491817993,81.35283223254085,Urban,7.47,41.41,1.21,0.0,1,1012.58,0.79
2024-01-01 20:15:00,LOC_004,16.617013491817993,81.35283223254085,Urban,8.34,34.39,1.52,30.77,0,1013.0,0.79
2024-01-01 20:20:00,LOC_004,16.617013491817993,81.35283223254085,Urban,8.83,36.93,1.82,0.0,1,1010.07,0.44
2024-01-01 20:25:00,LOC_004,16.617013491817993,81.35283223254085,Urban,8.06,42.61,1.32,10.8,0,1015.42,0.66
2024-01-01 20:30:00,LOC_004,16.617013491817993,81.35283223254085,Urban,6.63,30.0,1.78,0.0,0,1006.89,0.37
2024-01-01 20:35:00,LOC_004,16.617013491817993,81.35283223254085,Urban,6.99,35.81,1.48,0.0,1,1016.85,0.28
2024-01-01 20:40:00,LOC_004,16.617013491817993,81.35283223254085,Urban,7.4,36.02,0.74,0.0,2,1012.48,0.63
2024-01-01 20:45:00,LOC_004,16.617013491817993,81.35283223254085,Urban,7.68,34.47,1.68,0.0,0,1018.45,0.43
2024-01-01 20:50:00,LOC_004,16.617013491817993,81.35283223254085,Urban,7.84,38.51,1.49,0.0,0,1014.81,0.37
2024-01-01 20:55:00,LOC_004,16.617013491817993,81.35283223254085,Urban,5.79,35.04,1.54,2.2,0,1013.33,0.27
2024-01-01 21:00:00,LOC_004,16.617013491817993,81.35283223254085,Urban,9.73,40.18,1.51,0.0,0,1011.85,0.66
2024-01-01 21:05:00,LOC_004,16.617013491817993,81.35283223254085,Urban,10.72,31.37,1.64,25.78,0,1011.28,0.58
2024-01-01 21:10:00,LOC_004,16.617013491817993,81.35283223254085,Urban,8.72,39.33,0.18,65.74,0,1016.06,0.42
2024-01-01 21:15:00,LOC_004,16.617013491817993,81.35283223254085,Urban,8.52,34.92,1.11,6.86,1,1007.7,0.58
2024-01-01 21:20:00,LOC_004,16.617013491817993,81.35283223254085,Urban,8.85,34.33,1.3,0.0,0,1013.96,0.31
2024-01-01 21:25:00,LOC_004,16.617013491817993,81.35283223254085,Urban,10.11,39.39,0.81,24.51,0,1009.41,0.75
2024-01-01 21:30:00,LOC_004,16.617013491817993,81.35283223254085,Urban,8.57,37.0,1.71,6.94,1,1012.89,0.36
2024-01-01 21:35:00,LOC_004,16.617013491817993,81.35283223254085,Urban,8.83,33.56,2.5,0.0,0,1015.54,0.28
2024-01-01 21:40:00,LOC_004,16.617013491817993,81.35283223254085,Urban,10.04,39.55,0.76,46.52,0,1012.31,0.5
2024-01-01 21:45:00,LOC_004,16.617013491817993,81.35283223254085,Urban,10.29,36.47,1.32,6.14,0,1016.83,0.48
2024-01-01 21:50:00,LOC_004,16.617013491817993,81.35283223254085,Urban,7.78,36.98,1.39,29.22,0,1013.53,0.25
2024-01-01 21:55:00,LOC_004,16.617013491817993,81.35283223254085,Urban,10.5,37.55,1.11,0.0,0,1014.12,0.6
2024-01-01 22:00:00,LOC_004,16.617013491817993,81.35283223254085,Urban,12.19,39.03,1.55,45.17,0,1012.04,0.73
2024-01-01 22:05:00,LOC_004,16.617013491817993,81.35283223254085,Urban,10.96,37.68,0.38,0.0,0,1014.37,0.56
2024-01-01 22:10:00,LOC_004,16.617013491817993,81.35283223254085,Urban,10.28,38.65,1.37,11.45,0,1011.8,0.62
2024-01-01 22:15:00,LOC_004,16.617013491817993,81.35283223254085,Urban,11.54,41.93,2.01,35.22,0,1016.58,0.58
2024-01-01 22:20:00,LOC_004,16.617013491817993,81.35283223254085,Urban,10.4,41.74,0.81,0.0,0,1014.01,0.56
2024-01-01 22:25:00,LOC_004,16.617013491817993,81.35283223254085,Urban,11.29,41.21,1.49,0.0,0,1013.74,0.37
2024-01-01 22:30:00,LOC_004,16.617013491817993,81.35283223254085,Urban,10.52,40.8,1.42,0.0,0,1017.03,0.74
2024-01-01 22:35:00,LOC_004,16.617013491817993,81.35283223254085,Urban,10.45,44.15,0.83,0.0,1,1010.21,0.44
2024-01-01 22:40:00,LOC_004,16.617013491817993,81.35283223254085,Urban,10.87,45.45,1.71,0.0,0,1008.37,0.51
2024-01-01 22:45:00,LOC_004,16.617013491817993,81.35283223254085,Urban,11.35,34.14,1.4,0.0,1,1012.66,0.62
2024-01-01 22:50:00,LOC_004,16.617013491817993,81.35283223254085,Urban,12.23,41.56,0.98,19.81,0,1013.72,0.5
2024-01-01 22:55:00,LOC_004,16.617013491817993,81.35283223254085,Urban,12.07,37.92,0.9,22.72,1,1013.46,0.66
2024-01-01 23:00:00,LOC_004,16.617013491817993,81.35283223254085,Urban,14.61,50.49,1.86,25.89,0,1016.83,0.54
2024-01-01 23:05:00,LOC_004,16.617013491817993,81.35283223254085,Urban,12.87,42.0,1.74,19.78,0,1003.34,0.74
2024-01-01 23:10:00,LOC_004,16.617013491817993,81.35283223254085,Urban,12.66,42.28,1.8,2.38,0,999.19,0.23
2024-01-01 23:15:00,LOC_004,16.617013491817993,81.35283223254085,Urban,13.95,42.09,1.89,14.04,0,1009.5,0.65
2024-01-01 23:20:00,LOC_004,16.617013491817993,81.35283223254085,Urban,14.02,51.47,1.4,0.0,0,1009.28,0.77
2024-01-01 23:25:00,LOC_004,16.617013491817993,81.35283223254085,Urban,14.48,54.97,1.7,10.55,0,1011.13,0.34
2024-01-01 23:30:00,LOC_004,16.617013491817993,81.35283223254085,Urban,13.59,39.64,1.8,0.0,0,1002.64,0.56
2024-01-01 23:35:00,LOC_004,16.617013491817993,81.35283223254085,Urban,13.52,50.73,2.0,0.0,0,1009.46,0.3
2024-01-01 23:40:00,LOC_004,16.617013491817993,81.35283223254085,Urban,13.59,37.7,1.88,0.0,0,1014.08,0.6
2024-01-01 23:45:00,LOC_004,16.617013491817993,81.35283223254085,Urban,13.98,49.21,1.26,59.12,0,1005.86,0.52
2024-01-01 23:50:00,LOC_004,16.617013491817993,81.35283223254085,Urban,12.51,47.84,2.05,0.0,0,1015.82,0.46
2024-01-01 23:55:00,LOC_004,16.617013491817993,81.35283223254085,Urban,13.38,42.21,1.26,0.0,2,1014.03,0.47
2024-01-01 00:00:00,LOC_005,12.614551561657443,81.11074480179364,Agriculture,15.64,55.0,1.73,0.0,1,1013.51,0.28
2024-01-01 00:05:00,LOC_005,12.614551561657443,81.11074480179364,Agriculture,14.55,39.36,1.66,30.93,0,1017.22,0.23
2024-01-01 00:10:00,LOC_005,12.614551561657443,81.11074480179364,Agriculture,16.34,50.54,1.05,0.0,1,1020.83,0.33
2024-01-01 00:15:00,LOC_005,12.614551561657443,81.11074480179364,Agriculture,16.26,50.16,2.16,67.41,0,1014.57,0.67
2024-01-01 00:20:00,LOC_005,12.614551561657443,81.11074480179364,Agriculture,14.62,51.78,1.91,0.0,0,1014.83,0.4
2024-01-01 00:25:00,LOC_005,12.614551561657443,81.11074480179364,Agriculture,13.96,45.2,1.81,0.0,0,1021.58,0.27
2024-01-01 00:30:00,LOC_005,12.614551561657443,81.11074480179364,Agriculture,17.55,41.38,1.22,50.93,0,1021.8,0.74
2024-01-01 00:35:00,LOC_005,12.614551561657443,81.11074480179364,Agriculture,16.42,46.76,0.87,0.0,0,1008.37,0.52
2024-01-01 00:40:00,LOC_005,12.614551561657443,81.11074480179364,Agriculture,15.4,49.15,1.51,0.0,1,1021.09,0.61
2024-01-01 00:45:00,LOC_005,12.614551561657443,81.11074480179364,Agriculture,15.5,48.13,1.64,50.34,2,1008.49,0.53
2024-01-01 00:50:00,LOC_005,12.614551561657443,81.11074480179364,Agriculture,17.18,54.32,2.43,0.0,0,1013.52,0.49
2024-01-01 00:55:00,LOC_005,12.614551561657443,81.11074480179364,Agriculture,17.16,42.43,2.14,0.0,0,1012.7,0.75
2024-01-01 01:00:00,LOC_005,12.614551561657443,81.11074480179364,Agriculture,20.93,55.52,1.7,39.42,0,1010.34,0.77
2024-01-01 01:05:00,LOC_005,12.614551561657443,81.11074480179364,Agriculture,19.6,49.16,1.42,38.46,0,1017.73,0.74
2024-01-01 01:10:00,LOC_005,12.614551561657443,81.11074480179364,Agriculture,19.01,54.53,2.22,0.0,0,1011.95,0.49
2024-01-01 01:15:00,LOC_005,12.614551561657443,81.11074480179364,Agriculture,18.51,49.5,2.02,14.47,0,1005.4,0.42
2024-01-01 01:20:00,LOC_005,12.614551561657443,81.11074480179364,Agriculture,19.65,54.72,1.91,0.0,0,1013.31,0.43
2024-01-01 01:25:00,LOC_005,12.614551561657443,81.11074480179364,Agriculture,20.75,50.27,2.69,0.0,0,1017.47,0.63
2024-01-01 01:30:00,LOC_005,12.614551561657443,81.11074480179364,Agriculture,17.86,52.25,1.03,18.94,0,1010.48,0.72
2024-01-01 01:35:00,LOC_005,12.614551561657443,81.11074480179364,Agriculture,20.8,59.13,1.71,38.55,0,1010.76,0.58
2024-01-01 01:40:00,LOC_005,12.614551561657443,81.11074480179364,Agriculture,19.21,58.45,1.75,0.0,0,1020.86,0.64
2024-01-01 01:45:00,LOC_005,12.614551561657443,81.11074480179364,Agriculture,20.21,58.68,1.8,39.6,0,1020.17,0.71
2024-01-01 01:50:00,LOC_005,12.614551561657443,81.11074480179364,Agriculture,17.03,47.5,1.74,0.0,0,1011.55,0.23
2024-01-01 01:55:00,LOC_005,12.614551561657443,81.11074480179364,Agriculture,21.63,60.99,1.48,53.9,0,1013.41,0.49
2024-01-01 02:00:00,LOC_005,12.614551561657443,81.11074480179364,Agriculture,21.54,75.87,1.29,8.55,0,1012.64,0.52
2024-01-01 02:05:00,LOC_005,12.614551561657443,81.11074480179364,Agriculture,21.94,59.99,1.64,0.0,0,1016.62,0.39
2024-01-01 02:10:00,LOC_005,12.614551561657443,81.11074480179364,Agriculture,18.35,56.49,1.93,0.0,0,1010.53,0.28
2024-01-01 02:15:00,LOC_005,12.614551561657443,81.11074480179364,Agriculture,22.55,59.32,1.02,28.11,0,1007.13,0.69
2024-01-01 02:20:00,LOC_005,12.614551561657443,81.11074480179364,Agriculture,22.13,58.22,1.23,0.0,0,1006.57,0.41
2024-01-01 02:25:00,LOC_005,12.614551561657443,81.11074480179364,Agriculture,20.38,62.27,1.45,0.0,0,1011.12,0.25
2024-01-01 02:30:00,LOC_005,12.614551561657443,81.11074480179364,Agriculture,20.91,63.48,2.6,55.43,0,1006.47,0.64
2024-01-01 02:35:00,LOC_005,12.614551561657443,81.11074480179364,Agriculture,19.36,62.25,1.62,0.0,0,1016.12,0.21
2024-01-01 02:40:00,LOC_005,12.614551561657443,81.11074480179364,Agriculture,20.26,53.92,1.49,12.57,0,1017.74,0.4
2024-01-01 02:45:00,LOC_005,12.614551561657443,81.11074480179364,Agriculture,20.55,57.94,1.12,3.2,1,1016.67,0.71
2024-01-01 02:50:00,LOC_005,12.614551561657443,81.11074480179364,Agriculture,20.76,56.13,1.1,49.11,0,1014.18,0.7
2024-01-01 02:55:00,LOC_005,12.614551561657443,81.11074480179364,Agriculture,20.97,66.11,2.38,2.28,1,1008.5,0.46
2024-01-01 03:00:00,LOC_005,12.614551561657443,81.11074480179364,Agriculture,23.7,68.89,1.87,12.76,1,1016.07,0.67
2024-01-01 03:05:00,LOC_005,12.614551561657443,81.11074480179364,Agriculture,21.62,60.91,1.17,0.0,0,1012.46,0.23
2024-01-01 03:10:00,LOC_005,12.614551561657443,81.11074480179364,Agriculture,22.82,62.41,0.96,0.0,0,1006.09,0.57
2024-01-01 03:15:00,LOC_005,12.614551561657443,81.11074480179364,Agriculture,21.97,59.75,1.92,33.99,0,1014.12,0.27
2024-01-01 03:20:00,LOC_005,12.614551561657443,81.11074480179364,Agriculture,23.65,64.4,1.26,37.89,0,1005.93,0.61
2024-01-01 03:25:00,LOC_005,12.614551561657443,81.11074480179364,Agriculture,24.59,63.33,0.98,0.0,0,1005.82,0.5
2024-01-01 03:30:00,LOC_005,12.614551561657443,81.11074480179364,Agriculture,23.68,67.0,1.97,0.0,0,1015.13,0.69
2024-01-01 03:35:00,LOC_005,12.614551561657443,81.11074480179364,Agriculture,21.73,70.82,1.52,11.6,0,1011.49,0.22
2024-01-01 03:40:00,LOC_005,12.614551561657443,81.11074480179364,Agriculture,23.71,65.7,0.94,0.0,0,1017.4,0.35
2024-01-01 03:45:00,LOC_005,12.614551561657443,81.11074480179364,Agriculture,23.84,58.85,0.89,19.9,1,1020.84,0.24
2024-01-01 03:50:00,LOC_005,12.614551561657443,81.11074480179364,Agriculture,24.08,63.26,0.87,0.0,2,1014.61,0.22
2024-01-01 03:55:00,LOC_005,12.614551561657443,81.11074480179364,Agriculture,22.79,61.53,0.96,0.0,0,1014.34,0.44
2024-01-01 04:00:00,LOC_005,12.614551561657443,81.11074480179364,Agriculture,25.87,68.22,1.54,19.69,0,1017.6,0.77
2024-01-01 04:05:00,LOC_005,12.614551561657443,81.11074480179364,Agriculture,27.1,71.67,1.51,0.0,0,1009.68,0.42
2024-01-01 04:10:00,LOC_005,12.614551561657443,81.11074480179364,Agriculture,23.28,68.78,1.48,0.0,1,1012.59,0.24
2024-01-01 04:15:00,LOC_005,12.614551561657443,81.11074480179364,Agriculture,25.65,73.48,1.25,37.27,0,1014.62,0.22
2024-01-01 04:20:00,LOC_005,12.614551561657443,81.11074480179364,Agriculture,25.28,68.27,1.27,0.0,1,1021.84,0.47
2024-01-01 04:25:00,LOC_005,12.614551561657443,81.11074480179364,Agriculture,26.6,64.89,1.36,0.0,1,1011.63,0.7
2024-01-01 04:30:00,LOC_005,12.614551561657443,81.11074480179364,Agriculture,25.17,69.29,1.79,0.0,0,1013.19,0.66
2024-01-01 04:35:00,LOC_005,12.614551561657443,81.11074480179364,Agriculture,24.96,72.28,1.66,19.79,1,1006.13,0.34
2024-01-01 04:40:00,LOC_005,12.614551561657443,81.11074480179364,Agriculture,23.28,69.2,1.54,0.0,1,1010.76,0.33
2024-01-01 04:45:00,LOC_005,12.614551561657443,81.11074480179364,Agriculture,23.3,64.93,1.73,0.0,0,1001.69,0.22
2024-01-01 04:50:00,LOC_005,12.614551561657443,81.11074480179364,Agriculture,22.45,66.49,1.64,3.09,1,1020.39,0.28
2024-01-01 04:55:00,LOC_005,12.614551561657443,81.11074480179364,Agriculture,25.52,58.47,2.41,27.85,1,1008.6,0.61
2024-01-01 05:00:00,LOC_005,12.614551561657443,81.11074480179364,Agriculture,26.21,68.83,1.56,21.89,0,1015.15,0.7
2024-01-01 05:05:00,LOC_005,12.614551561657443,81.11074480179364,Agriculture,27.59,72.43,1.21,21.84,1,1021.07,0.63
2024-01-01 05:10:00,LOC_005,12.614551561657443,81.11074480179364,Agriculture,25.87,66.7,1.56,60.62,0,1007.88,0.72
2024-01-01 05:15:00,LOC_005,12.614551561657443,81.11074480179364,Agriculture,26.01,70.84,1.57,23.74,0,1017.19,0.72
2024-01-01 05:20:00,LOC_005,12.614551561657443,81.11074480179364,Agriculture,24.54,66.56,1.92,5.33,0,1011.15,0.66
2024-01-01 05:25:00,LOC_005,12.614551561657443,81.11074480179364,Agriculture,25.68,68.97,0.92,55.54,0,1016.18,0.6
2024-01-01 05:30:00,LOC_005,12.614551561657443,81.11074480179364,Agriculture,24.31,72.06,0.82,0.0,0,1009.18,0.42
2024-01-01 05:35:00,LOC_005,12.614551561657443,81.11074480179364,Agriculture,28.25,75.88,1.77,17.56,0,1018.98,0.7
2024-01-01 05:40:00,LOC_005,12.614551561657443,81.11074480179364,Agriculture,24.55,73.79,1.25,26.74,1,1011.31,0.46
2024-01-01 05:45:00,LOC_005,12.614551561657443,81.11074480179364,Agriculture,26.34,73.88,1.21,0.0,1,1005.1,0.51
2024-01-01 05:50:00,LOC_005,12.614551561657443,81.11074480179364,Agriculture,26.0,63.06,1.05,30.03,0,1012.59,0.63
2024-01-01 05:55:00,LOC_005,12.614551561657443,81.11074480179364,Agriculture,26.41,63.07,1.38,42.29,0,1011.84,0.77
2024-01-01 06:00:00,LOC_005,12.614551561657443,81.11074480179364,Agriculture,27.16,75.75,1.42,0.0,0,1005.28,0.66
2024-01-01 06:05:00,LOC_005,12.614551561657443,81.11074480179364,Agriculture,26.1,67.18,2.04,36.71,1,1016.65,0.41
2024-01-01 06:10:00,LOC_005,12.614551561657443,81.11074480179364,Agriculture,26.03,71.15,1.04,17.4,0,1010.32,0.45
2024-01-01 06:15:00,LOC_005,12.614551561657443,81.11074480179364,Agriculture,26.06,68.11,1.36,40.53,0,1010.73,0.62
2024-01-01 06:20:00,LOC_005,12.614551561657443,81.11074480179364,Agriculture,27.65,66.32,0.34,0.0,0,1016.8,0.46
2024-01-01 06:25:00,LOC_005,12.614551561657443,81.11074480179364,Agriculture,27.46,74.82,1.99,0.0,0,1009.75,0.57
2024-01-01 06:30:00,LOC_005,12.614551561657443,81.11074480179364,Agriculture,28.05,60.91,1.31,9.28,0,1017.54,0.65
2024-01-01 06:35:00,LOC_005,12.614551561657443,81.11074480179364,Agriculture,25.48,73.91,0.45,0.0,0,1004.39,0.44
2024-01-01 06:40:00,LOC_005,12.614551561657443,81.11074480179364,Agriculture,26.79,67.41,1.35,12.18,0,1003.9,0.54
2024-01-01 06:45:00,LOC_005,12.614551561657443,81.11074480179364,Agriculture,23.91,62.65,1.74,5.18,0,1009.17,0.44
2024-01-01 06:50:00,LOC_005,12.614551561657443,81.11074480179364,Agriculture,25.65,64.7,0.93,3.01,0,1016.89,0.78
2024-01-01 06:55:00,LOC_005,12.614551561657443,81.11074480179364,Agriculture,25.21,75.54,1.84,55.61,0,1010.56,0.45
2024-01-01 07:00:00,LOC_005,12.614551561657443,81.11074480179364,Agriculture,26.56,79.63,1.46,161.08,0,1011.13,0.38
2024-01-01 07:05:00,LOC_005,12.614551561657443,81.11074480179364,Agriculture,28.47,74.21,2.21,175.79,0,1013.2,0.6
2024-01-01 07:10:00,LOC_005,12.614551561657443,81.11074480179364,Agriculture,28.85,70.0,2.03,181.5,1,1005.93,0.58
2024-01-01 07:15:00,LOC_005,12.614551561657443,81.11074480179364,Agriculture,27.7,76.56,0.74,223.03,1,1007.82,0.79
2024-01-01 07:20:00,LOC_005,12.614551561657443,81.11074480179364,Agriculture,27.6,63.1,0.74,211.37,0,1016.21,0.47
2024-01-01 07:25:00,LOC_005,12.614551561657443,81.11074480179364,Agriculture,25.97,67.68,2.03,181.66,0,1019.78,0.21
2024-01-01 07:30:00,LOC_005,12.614551561657443,81.11074480179364,Agriculture,26.84,69.03,1.67,223.62,1,1026.95,0.31
2024-01-01 07:35:00,LOC_005,12.614551561657443,81.11074480179364,Agriculture,27.03,68.81,0.94,199.1,1,1006.62,0.35
2024-01-01 07:40:00,LOC_005,12.614551561657443,81.11074480179364,Agriculture,27.51,78.08,2.72,191.5,0,1011.36,0.4
2024-01-01 07:45:00,LOC_005,12.614551561657443,81.11074480179364,Agriculture,25.33,70.15,1.65,143.68,0,1005.02,0.37
2024-01-01 07:50:00,LOC_005,12.614551561657443,81.11074480179364,Agriculture,25.31,56.42,1.35,180.1,1,1013.11,0.23
2024-01-01 07:55:00,LOC_005,12.614551561657443,81.11074480179364,Agriculture,26.88,66.36,0.13,169.0,0,1004.62,0.27
2024-01-01 08:00:00,LOC_005,12.614551561657443,81.11074480179364,Agriculture,28.78,68.37,0.93,420.41,0,1016.44,0.62
2024-01-01 08:05:00,LOC_005,12.614551561657443,81.11074480179364,Agriculture,31.22,71.07,1.88,452.39,1,1023.0,0.7
2024-01-01 08:10:00,LOC_005,12.614551561657443,81.11074480179364,Agriculture,27.16,68.53,1.15,328.59,0,1006.54,0.26
2024-01-01 08:15:00,LOC_005,12.614551561657443,81.11074480179364,Agriculture,28.57,64.26,1.37,358.98,0,1017.33,0.38
2024-01-01 08:20:00,LOC_005,12.614551561657443,81.11074480179364,Agriculture,28.41,59.62,1.55,374.7,0,1020.36,0.76
2024-01-01 08:25:00,LOC_005,12.614551561657443,81.11074480179364,Agriculture,26.04,60.89,1.15,374.0,0,1018.29,0.22
2024-01-01 08:30:00,LOC_005,12.614551561657443,81.11074480179364,Agriculture,28.46,72.47,1.03,432.13,2,1023.38,0.46
2024-01-01 08:35:00,LOC_005,12.614551561657443,81.11074480179364,Agriculture,28.97,65.57,1.36,430.33,0,1022.5,0.56
2024-01-01 08:40:00,LOC_005,12.614551561657443,81.11074480179364,Agriculture,26.76,65.31,1.64,395.34,0,1014.03,0.32
2024-01-01 08:45:00,LOC_005,12.614551561657443,81.11074480179364,Agriculture,27.23,70.62,2.37,401.72,1,1012.78,0.52
2024-01-01 08:50:00,LOC_005,12.614551561657443,81.11074480179364,Agriculture,28.4,60.01,1.5,494.28,1,1011.95,0.25
2024-01-01 08:55:00,LOC_005,12.614551561657443,81.11074480179364,Agriculture,28.85,65.62,1.99,388.27,0,1011.47,0.33
2024-01-01 09:00:00,LOC_005,12.614551561657443,81.11074480179364,Agriculture,28.91,69.17,1.26,498.97,0,1016.44,0.4
2024-01-01 09:05:00,LOC_005,12.614551561657443,81.11074480179364,Agriculture,28.5,52.55,0.76,532.74,0,1009.18,0.78
2024-01-01 09:10:00,LOC_005,12.614551561657443,81.11074480179364,Agriculture,29.97,55.91,1.4,614.53,0,1022.61,0.55
2024-01-01 09:15:00,LOC_005,12.614551561657443,81.11074480179364,Agriculture,29.49,67.93,1.29,583.35,0,1005.01,0.68
2024-01-01 09:20:00,LOC_005,12.614551561657443,81.11074480179364,Agriculture,28.53,73.84,1.58,549.97,0,1006.12,0.7
2024-01-01 09:25:00,LOC_005,12.614551561657443,81.11074480179364,Agriculture,27.74,61.67,2.1,537.32,0,1004.84,0.32
2024-01-01 09:30:00,LOC_005,12.614551561657443,81.11074480179364,Agriculture,29.5,61.15,1.88,532.94,1,1018.35,0.41
2024-01-01 09:35:00,LOC_005,12.614551561657443,81.11074480179364,Agriculture,28.22,62.24,0.91,574.13,0,1017.52,0.3
2024-01-01 09:40:00,LOC_005,12.614551561657443,81.11074480179364,Agriculture,29.38,58.36,1.13,591.72,0,1017.97,0.54
2024-01-01 09:45:00,LOC_005,12.614551561657443,81.11074480179364,Agriculture,29.17,62.53,1.1,515.6,0,1014.22,0.44
2024-01-01 09:50:00,LOC_005,12.614551561657443,81.11074480179364,Agriculture,29.07,68.94,2.38,549.72,1,1013.55,0.64
2024-01-01 09:55:00,LOC_005,12.614551561657443,81.11074480179364,Agriculture,27.98,64.12,1.68,535.67,0,1012.99,0.34
2024-01-01 10:00:00,LOC_005,12.614551561657443,81.11074480179364,Agriculture,29.49,56.49,2.53,732.08,0,1017.52,0.25
2024-01-01 10:05:00,LOC_005,12.614551561657443,81.11074480179364,Agriculture,27.97,61.84,1.77,703.08,1,1014.56,0.35
2024-01-01 10:10:00,LOC_005,12.614551561657443,81.11074480179364,Agriculture,25.87,60.35,1.63,697.52,0,1009.0,0.29
2024-01-01 10:15:00,LOC_005,12.614551561657443,81.11074480179364,Agriculture,29.0,64.59,1.54,732.11,0,1011.2,0.27
2024-01-01 10:20:00,LOC_005,12.614551561657443,81.11074480179364,Agriculture,29.73,53.0,1.29,749.98,1,1015.87,0.62
2024-01-01 10:25:00,LOC_005,12.614551561657443,81.11074480179364,Agriculture,25.73,48.31,0.37,670.38,0,1019.72,0.2
2024-01-01 10:30:00,LOC_005,12.614551561657443,81.11074480179364,Agriculture,27.36,64.28,1.84,662.64,0,1013.72,0.71
2024-01-01 10:35:00,LOC_005,12.614551561657443,81.11074480179364,Agriculture,27.87,50.07,1.55,700.11,0,1013.86,0.74
2024-01-01 10:40:00,LOC_005,12.614551561657443,81.11074480179364,Agriculture,27.01,61.23,1.88,634.78,0,1004.15,0.5
2024-01-01 10:45:00,LOC_005,12.614551561657443,81.11074480179364,Agriculture,29.25,69.94,1.78,684.97,1,1008.97,0.7
2024-01-01 10:50:00,LOC_005,12.614551561657443,81.11074480179364,Agriculture,27.47,57.22,0.96,672.62,0,1018.03,0.29
2024-01-01 10:55:00,LOC_005,12.614551561657443,81.11074480179364,Agriculture,29.5,64.21,1.24,722.37,0,1015.69,0.59
2024-01-01 11:00:00,LOC_005,12.614551561657443,81.11074480179364,Agriculture,27.73,57.88,1.74,808.42,0,1011.6,0.69
2024-01-01 11:05:00,LOC_005,12.614551561657443,81.11074480179364,Agriculture,25.08,50.65,1.66,739.18,0,1013.72,0.25
2024-01-01 11:10:00,LOC_005,12.614551561657443,81.11074480179364,Agriculture,27.52,61.44,1.83,769.92,0,1019.02,0.79
2024-01-01 11:15:00,LOC_005,12.614551561657443,81.11074480179364,Agriculture,27.71,54.21,2.07,753.98,0,1015.8,0.48
2024-01-01 11:20:00,LOC_005,12.614551561657443,81.11074480179364,Agriculture,26.08,43.24,1.53,761.86,0,1009.24,0.67
2024-01-01 11:25:00,LOC_005,12.614551561657443,81.11074480179364,Agriculture,26.89,61.13,1.03,761.4,1,1013.3,0.63
2024-01-01 11:30:00,LOC_005,12.614551561657443,81.11074480179364,Agriculture,28.36,63.49,1.86,803.76,0,1025.54,0.38
2024-01-01 11:35:00,LOC_005,12.614551561657443,81.11074480179364,Agriculture,26.8,61.52,1.96,769.6,1,1013.27,0.32
2024-01-01 11:40:00,LOC_005,12.614551561657443,81.11074480179364,Agriculture,26.89,53.78,1.28,756.72,0,1004.87,0.62
2024-01-01 11:45:00,LOC_005,12.614551561657443,81.11074480179364,Agriculture,27.95,50.53,1.61,791.06,0,1007.16,0.67
2024-01-01 11:50:00,LOC_005,12.614551561657443,81.11074480179364,Agriculture,26.77,43.55,1.02,815.0,0,1025.23,0.51
2024-01-01 11:55:00,LOC_005,12.614551561657443,81.11074480179364,Agriculture,25.72,56.46,1.74,730.3,0,1009.67,0.34
2024-01-01 12:00:00,LOC_005,12.614551561657443,81.11074480179364,Agriculture,23.56,42.33,1.23,799.62,1,1007.44,0.26
2024-01-01 12:05:00,LOC_005,12.614551561657443,81.11074480179364,Agriculture,21.39,55.77,0.74,748.01,0,1017.0,0.33
2024-01-01 12:10:00,LOC_005,12.614551561657443,81.11074480179364,Agriculture,22.31,57.25,1.51,840.79,0,1003.12,0.2
2024-01-01 12:15:00,LOC_005,12.614551561657443,81.11074480179364,Agriculture,24.56,50.53,2.16,833.77,1,1017.03,0.73
2024-01-01 12:20:00,LOC_005,12.614551561657443,81.11074480179364,Agriculture,23.84,48.61,0.23,828.56,0,1007.13,0.24
2024-01-01 12:25:00,LOC_005,12.614551561657443,81.11074480179364,Agriculture,23.42,53.7,0.62,804.32,1,1017.81,0.22
2024-01-01 12:30:00,LOC_005,12.614551561657443,81.11074480179364,Agriculture,25.08,50.07,1.0,769.39,0,1013.44,0.71
2024-01-01 12:35:00,LOC_005,12.614551561657443,81.11074480179364,Agriculture,24.1,54.07,1.04,818.31,0,1011.83,0.46
2024-01-01 12:40:00,LOC_005,12.614551561657443,81.11074480179364,Agriculture,22.66,46.99,2.22,768.68,2,1019.56,0.6
2024-01-01 12:45:00,LOC_005,12.614551561657443,81.11074480179364,Agriculture,26.07,53.7,1.69,831.75,1,1015.86,0.33
2024-01-01 12:50:00,LOC_005,12.614551561657443,81.11074480179364,Agriculture,24.83,46.3,1.37,836.44,0,1005.04,0.44
2024-01-01 12:55:00,LOC_005,12.614551561657443,81.11074480179364,Agriculture,23.4,51.55,1.1,774.61,0,1017.85,0.38
2024-01-01 13:00:00,LOC_005,12.614551561657443,81.11074480179364,Agriculture,19.81,46.77,1.3,805.28,0,1010.39,0.33
2024-01-01 13:05:00,LOC_005,12.614551561657443,81.11074480179364,Agriculture,20.46,37.82,1.78,784.99,0,1013.54,0.22
2024-01-01 13:10:00,LOC_005,12.614551561657443,81.11074480179364,Agriculture,19.89,49.43,1.74,774.62,2,1008.76,0.25
2024-01-01 13:15:00,LOC_005,12.614551561657443,81.11074480179364,Agriculture,18.39,41.35,1.99,769.43,1,1009.55,0.53
2024-01-01 13:20:00,LOC_005,12.614551561657443,81.11074480179364,Agriculture,20.73,42.22,1.37,724.3,0,1007.8,0.39
2024-01-01 13:25:00,LOC_005,12.614551561657443,81.11074480179364,Agriculture,21.33,47.18,1.42,751.13,0,1009.45,0.45
2024-01-01 13:30:00,LOC_005,12.614551561657443,81.11074480179364,Agriculture,22.46,49.09,1.46,775.5,0,1021.62,0.8
2024-01-01 13:35:00,LOC_005,12.614551561657443,81.11074480179364,Agriculture,21.97,39.69,1.1,781.49,0,1018.94,0.69
2024-01-01 13:40:00,LOC_005,12.614551561657443,81.11074480179364,Agriculture,21.87,54.86,1.56,778.49,1,1005.71,0.41
2024-01-01 13:45:00,LOC_005,12.614551561657443,81.11074480179364,Agriculture,18.07,39.08,1.97,715.37,0,1005.06,0.29
2024-01-01 13:50:00,LOC_005,12.614551561657443,81.11074480179364,Agriculture,21.66,54.22,1.69,743.91,1,1010.67,0.55
2024-01-01 13:55:00,LOC_005,12.614551561657443,81.11074480179364,Agriculture,20.79,42.3,2.01,737.44,0,1014.21,0.72
2024-01-01 14:00:00,LOC_005,12.614551561657443,81.11074480179364,Agriculture,16.74,33.54,1.36,687.71,0,1015.03,0.55
2024-01-01 14:05:00,LOC_005,12.614551561657443,81.11074480179364,Agriculture,17.46,38.65,1.53,704.28,0,1011.31,0.52
2024-01-01 14:10:00,LOC_005,12.614551561657443,81.11074480179364,Agriculture,17.57,38.97,2.95,668.17,1,1014.46,0.44
2024-01-01 14:15:00,LOC_005,12.614551561657443,81.11074480179364,Agriculture,18.88,41.39,1.12,680.21,1,1013.66,0.44
2024-01-01 14:20:00,LOC_005,12.614551561657443,81.11074480179364,Agriculture,18.22,43.83,1.73,703.53,0,1015.54,0.72
2024-01-01 14:25:00,LOC_005,12.614551561657443,81.11074480179364,Agriculture,19.21,47.28,1.88,718.02,0,1020.56,0.24
2024-01-01 14:30:00,LOC_005,12.614551561657443,81.11074480179364,Agriculture,18.78,53.02,0.1,698.65,1,1006.21,0.66
2024-01-01 14:35:00,LOC_005,12.614551561657443,81.11074480179364,Agriculture,20.33,39.48,2.02,682.14,0,1017.53,0.34
2024-01-01 14:40:00,LOC_005,12.614551561657443,81.11074480179364,Agriculture,18.79,36.05,1.04,727.16,0,1008.52,0.67
2024-01-01 14:45:00,LOC_005,12.614551561657443,81.11074480179364,Agriculture,18.83,43.48,2.24,745.42,0,1009.15,0.29
2024-01-01 14:50:00,LOC_005,12.614551561657443,81.11074480179364,Agriculture,17.33,36.17,1.91,674.46,0,1017.38,0.36
2024-01-01 14:55:00,LOC_005,12.614551561657443,81.11074480179364,Agriculture,16.76,40.0,1.31,643.87,0,1008.31,0.49
2024-01-01 15:00:00,LOC_005,12.614551561657443,81.11074480179364,Agriculture,14.94,41.05,1.67,561.1,1,1006.66,0.39
2024-01-01 15:05:00,LOC_005,12.614551561657443,81.11074480179364,Agriculture,14.12,38.4,1.35,546.43,0,1012.23,0.2
2024-01-01 15:10:00,LOC_005,12.614551561657443,81.11074480179364,Agriculture,14.64,38.6,1.92,619.67,0,1019.26,0.2
2024-01-01 15:15:00,LOC_005,12.614551561657443,81.11074480179364,Agriculture,16.11,35.35,1.55,591.23,0,1018.0,0.44
2024-01-01 15:20:00,LOC_005,12.614551561657443,81.11074480179364,Agriculture,13.56,36.78,2.54,590.56,0,1014.48,0.36
2024-01-01 15:25:00,LOC_005,12.614551561657443,81.11074480179364,Agriculture,13.68,32.93,1.49,532.22,0,1012.5,0.39
2024-01-01 15:30:00,LOC_005,12.614551561657443,81.11074480179364,Agriculture,16.7,39.7,1.24,610.15,0,1012.03,0.68
2024-01-01 15:35:00,LOC_005,12.614551561657443,81.11074480179364,Agriculture,13.5,34.75,1.12,631.08,0,1001.14,0.45
2024-01-01 15:40:00,LOC_005,12.614551561657443,81.11074480179364,Agriculture,13.9,38.37,1.09,525.66,1,1018.93,0.24
2024-01-01 15:45:00,LOC_005,12.614551561657443,81.11074480179364,Agriculture,13.6,34.36,1.19,565.22,0,1015.96,0.51
2024-01-01 15:50:00,LOC_005,12.614551561657443,81.11074480179364,Agriculture,14.71,40.31,1.52,519.37,0,1007.95,0.22
2024-01-01 15:55:00,LOC_005,12.614551561657443,81.11074480179364,Agriculture,15.14,35.28,1.9,586.25,0,1017.27,0.65
2024-01-01 16:00:00,LOC_005,12.614551561657443,81.11074480179364,Agriculture,10.79,37.64,2.14,389.28,0,1016.97,0.34
2024-01-01 16:05:00,LOC_005,12.614551561657443,81.11074480179364,Agriculture,10.27,37.37,1.97,359.41,0,1016.12,0.23
2024-01-01 16:10:00,LOC_005,12.614551561657443,81.11074480179364,Agriculture,11.52,37.18,1.32,429.64,0,1011.49,0.5
2024-01-01 16:15:00,LOC_005,12.614551561657443,81.11074480179364,Agriculture,11.63,30.0,1.56,359.53,1,1011.64,0.64
2024-01-01 16:20:00,LOC_005,12.614551561657443,81.11074480179364,Agriculture,11.65,30.0,0.75,419.02,2,1017.0,0.67
2024-01-01 16:25:00,LOC_005,12.614551561657443,81.11074480179364,Agriculture,11.51,32.93,2.18,423.74,0,1012.36,0.58
2024-01-01 16:30:00,LOC_005,12.614551561657443,81.11074480179364,Agriculture,10.42,38.79,1.22,379.76,0,1017.14,0.37
2024-01-01 16:35:00,LOC_005,12.614551561657443,81.11074480179364,Agriculture,11.6,38.67,0.98,397.28,1,1011.02,0.45
2024-01-01 16:40:00,LOC_005,12.614551561657443,81.11074480179364,Agriculture,9.13,38.36,1.25,373.35,0,1016.45,0.5
2024-01-01 16:45:00,LOC_005,12.614551561657443,81.11074480179364,Agriculture,10.66,32.86,1.65,367.62,0,1013.89,0.78
2024-01-01 16:50:00,LOC_005,12.614551561657443,81.11074480179364,Agriculture,11.4,37.06,1.11,404.53,0,1014.91,0.58
2024-01-01 16:55:00,LOC_005,12.614551561657443,81.11074480179364,Agriculture,9.84,36.7,1.7,398.68,2,1014.59,0.31
2024-01-01 17:00:00,LOC_005,12.614551561657443,81.11074480179364,Agriculture,7.64,32.11,2.02,245.23,0,1017.74,0.4
2024-01-01 17:05:00,LOC_005,12.614551561657443,81.11074480179364,Agriculture,7.02,35.23,0.99,166.14,0,1024.26,0.22
2024-01-01 17:10:00,LOC_005,12.614551561657443,81.11074480179364,Agriculture,9.59,30.0,1.82,216.16,0,1003.74,0.66
2024-01-01 17:15:00,LOC_005,12.614551561657443,81.11074480179364,Agriculture,6.96,36.07,1.14,228.53,0,1017.42,0.55
2024-01-01 17:20:00,LOC_005,12.614551561657443,81.11074480179364,Agriculture,7.53,33.35,2.17,187.63,1,1014.41,0.63
2024-01-01 17:25:00,LOC_005,12.614551561657443,81.11074480179364,Agriculture,7.82,32.84,1.9,242.83,0,1013.69,0.51
2024-01-01 17:30:00,LOC_005,12.614551561657443,81.11074480179364,Agriculture,9.86,30.0,1.32,238.28,0,1018.33,0.52
2024-01-01 17:35:00,LOC_005,12.614551561657443,81.11074480179364,Agriculture,9.16,30.32,1.45,228.85,0,1022.61,0.64
2024-01-01 17:40:00,LOC_005,12.614551561657443,81.11074480179364,Agriculture,7.19,30.0,2.03,165.68,1,1007.0,0.22
2024-01-01 17:45:00,LOC_005,12.614551561657443,81.11074480179364,Agriculture,8.64,31.18,1.25,196.13,0,1025.82,0.34
2024-01-01 17:50:00,LOC_005,12.614551561657443,81.11074480179364,Agriculture,9.87,32.85,1.86,212.75,2,1010.75,0.46
2024-01-01 17:55:00,LOC_005,12.614551561657443,81.11074480179364,Agriculture,9.36,31.41,1.41,209.09,0,1007.32,0.27
2024-01-01 18:00:00,LOC_005,12.614551561657443,81.11074480179364,Agriculture,6.11,34.73,1.12,11.76,1,1013.28,0.4
2024-01-01 18:05:00,LOC_005,12.614551561657443,81.11074480179364,Agriculture,5.03,30.0,0.89,12.57,0,1005.61,0.34
2024-01-01 18:10:00,LOC_005,12.614551561657443,81.11074480179364,Agriculture,7.42,35.15,1.99,0.0,0,1014.59,0.69
2024-01-01 18:15:00,LOC_005,12.614551561657443,81.11074480179364,Agriculture,5.09,30.0,0.87,0.0,0,1013.73,0.29
2024-01-01 18:20:00,LOC_005,12.614551561657443,81.11074480179364,Agriculture,6.16,34.56,2.16,9.44,0,1007.72,0.33
2024-01-01 18:25:00,LOC_005,12.614551561657443,81.11074480179364,Agriculture,4.93,30.0,1.75,0.0,1,1018.37,0.77
2024-01-01 18:30:00,LOC_005,12.614551561657443,81.11074480179364,Agriculture,5.78,30.0,2.31,0.0,0,1012.5,0.53
2024-01-01 18:35:00,LOC_005,12.614551561657443,81.11074480179364,Agriculture,5.47,39.19,0.96,0.0,0,1013.7,0.6
2024-01-01 18:40:00,LOC_005,12.614551561657443,81.11074480179364,Agriculture,6.13,30.0,1.16,21.75,0,1003.26,0.76
2024-01-01 18:45:00,LOC_005,12.614551561657443,81.11074480179364,Agriculture,6.74,30.0,2.36,27.5,0,1008.69,0.35
2024-01-01 18:50:00,LOC_005,12.614551561657443,81.11074480179364,Agriculture,6.55,30.0,1.49,29.34,0,1011.36,0.5
2024-01-01 18:55:00,LOC_005,12.614551561657443,81.11074480179364,Agriculture,4.68,30.0,1.44,34.74,0,1014.27,0.29
2024-01-01 19:00:00,LOC_005,12.614551561657443,81.11074480179364,Agriculture,6.34,30.0,1.44,54.02,0,1011.24,0.52
2024-01-01 19:05:00,LOC_005,12.614551561657443,81.11074480179364,Agriculture,6.25,30.0,2.45,0.0,0,1008.06,0.47
2024-01-01 19:10:00,LOC_005,12.614551561657443,81.11074480179364,Agriculture,6.23,34.62,0.69,0.0,0,1019.07,0.22
2024-01-01 19:15:00,LOC_005,12.614551561657443,81.11074480179364,Agriculture,8.16,33.59,0.4,0.0,0,1018.18,0.32
2024-01-01 19:20:00,LOC_005,12.614551561657443,81.11074480179364,Agriculture,4.89,31.31,1.73,19.28,0,1014.52,0.45
2024-01-01 19:25:00,LOC_005,12.614551561657443,81.11074480179364,Agriculture,8.15,30.0,1.81,15.91,1,1007.22,0.72
2024-01-01 19:30:00,LOC_005,12.614551561657443,81.11074480179364,Agriculture,6.03,36.25,0.56,11.39,1,1013.97,0.37
2024-01-01 19:35:00,LOC_005,12.614551561657443,81.11074480179364,Agriculture,7.18,30.0,1.66,0.0,0,1008.22,0.63
2024-01-01 19:40:00,LOC_005,12.614551561657443,81.11074480179364,Agriculture,7.29,31.17,1.4,0.0,0,1007.47,0.77
2024-01-01 19:45:00,LOC_005,12.614551561657443,81.11074480179364,Agriculture,5.2,30.0,2.17,0.0,0,1013.35,0.48
2024-01-01 19:50:00,LOC_005,12.614551561657443,81.11074480179364,Agriculture,5.82,31.03,2.04,30.99,0,997.04,0.29
2024-01-01 19:55:00,LOC_005,12.614551561657443,81.11074480179364,Agriculture,5.26,30.0,1.45,0.0,0,1025.18,0.51
2024-01-01 20:00:00,LOC_005,12.614551561657443,81.11074480179364,Agriculture,7.54,33.82,1.81,76.01,0,1015.07,0.41
2024-01-01 20:05:00,LOC_005,12.614551561657443,81.11074480179364,Agriculture,7.51,31.05,2.55,0.0,0,1008.51,0.47
2024-01-01 20:10:00,LOC_005,12.614551561657443,81.11074480179364,Agriculture,9.39,35.58,1.69,0.0,0,1014.37,0.29
2024-01-01 20:15:00,LOC_005,12.614551561657443,81.11074480179364,Agriculture,7.01,30.73,1.54,0.0,0,1001.77,0.67
2024-01-01 20:20:00,LOC_005,12.614551561657443,81.11074480179364,Agriculture,6.28,30.0,0.84,0.49,1,1016.73,0.63
2024-01-01 20:25:00,LOC_005,12.614551561657443,81.11074480179364,Agriculture,6.9,31.25,0.94,75.82,1,1005.7,0.24
2024-01-01 20:30:00,LOC_005,12.614551561657443,81.11074480179364,Agriculture,8.96,36.32,2.15,36.35,0,1019.13,0.59
2024-01-01 20:35:00,LOC_005,12.614551561657443,81.11074480179364,Agriculture,6.38,30.0,1.58,0.0,0,1011.82,0.77
2024-01-01 20:40:00,LOC_005,12.614551561657443,81.11074480179364,Agriculture,5.33,30.0,0.87,0.0,0,1011.09,0.5
2024-01-01 20:45:00,LOC_005,12.614551561657443,81.11074480179364,Agriculture,7.15,30.0,1.29,59.58,0,1000.64,0.3
2024-01-01 20:50:00,LOC_005,12.614551561657443,81.11074480179364,Agriculture,6.49,39.21,2.49,42.58,1,1012.51,0.35
2024-01-01 20:55:00,LOC_005,12.614551561657443,81.11074480179364,Agriculture,7.5,34.38,1.56,33.1,2,1012.66,0.21
2024-01-01 21:00:00,LOC_005,12.614551561657443,81.11074480179364,Agriculture,8.62,37.52,0.62,27.55,0,1013.97,0.47
2024-01-01 21:05:00,LOC_005,12.614551561657443,81.11074480179364,Agriculture,8.4,30.51,1.47,16.7,1,1013.42,0.62
2024-01-01 21:10:00,LOC_005,12.614551561657443,81.11074480179364,Agriculture,7.88,31.56,1.76,0.0,0,1020.31,0.55
2024-01-01 21:15:00,LOC_005,12.614551561657443,81.11074480179364,Agriculture,8.65,34.55,1.74,18.65,1,1000.32,0.51
2024-01-01 21:20:00,LOC_005,12.614551561657443,81.11074480179364,Agriculture,9.21,46.45,1.36,17.97,0,1014.7,0.25
2024-01-01 21:25:00,LOC_005,12.614551561657443,81.11074480179364,Agriculture,6.01,45.95,1.28,16.46,0,1008.35,0.22
2024-01-01 21:30:00,LOC_005,12.614551561657443,81.11074480179364,Agriculture,9.9,36.34,2.21,0.0,0,1015.06,0.51
2024-01-01 21:35:00,LOC_005,12.614551561657443,81.11074480179364,Agriculture,10.62,32.81,1.5,0.0,0,1011.14,0.52
2024-01-01 21:40:00,LOC_005,12.614551561657443,81.11074480179364,Agriculture,6.34,30.23,1.09,11.18,0,1018.27,0.36
2024-01-01 21:45:00,LOC_005,12.614551561657443,81.11074480179364,Agriculture,9.38,36.03,1.41,10.65,0,1012.49,0.35
2024-01-01 21:50:00,LOC_005,12.614551561657443,81.11074480179364,Agriculture,8.79,30.93,0.95,0.0,0,1011.29,0.25
2024-01-01 21:55:00,LOC_005,12.614551561657443,81.11074480179364,Agriculture,8.91,39.9,1.4,16.43,2,1009.45,0.63
2024-01-01 22:00:00,LOC_005,12.614551561657443,81.11074480179364,Agriculture,10.9,40.52,0.46,11.56,1,1011.26,0.31
2024-01-01 22:05:00,LOC_005,12.614551561657443,81.11074480179364,Agriculture,11.19,43.15,1.96,12.42,0,1012.86,0.62
2024-01-01 22:10:00,LOC_005,12.614551561657443,81.11074480179364,Agriculture,12.67,42.05,1.57,20.76,0,1020.64,0.56
2024-01-01 22:15:00,LOC_005,12.614551561657443,81.11074480179364,Agriculture,12.27,45.01,1.52,27.09,0,1012.54,0.23
2024-01-01 22:20:00,LOC_005,12.614551561657443,81.11074480179364,Agriculture,9.03,47.13,1.6,41.86,1,1017.5,0.41
2024-01-01 22:25:00,LOC_005,12.614551561657443,81.11074480179364,Agriculture,10.36,41.26,0.82,42.74,0,1013.01,0.55
2024-01-01 22:30:00,LOC_005,12.614551561657443,81.11074480179364,Agriculture,11.59,39.94,0.68,0.0,0,1016.91,0.71
2024-01-01 22:35:00,LOC_005,12.614551561657443,81.11074480179364,Agriculture,12.19,38.12,1.47,27.63,2,1013.08,0.43
2024-01-01 22:40:00,LOC_005,12.614551561657443,81.11074480179364,Agriculture,10.37,41.72,1.41,0.0,0,1011.56,0.34
2024-01-01 22:45:00,LOC_005,12.614551561657443,81.11074480179364,Agriculture,11.88,45.68,1.93,0.0,1,1020.91,0.69
2024-01-01 22:50:00,LOC_005,12.614551561657443,81.11074480179364,Agriculture,11.68,42.27,1.48,0.0,0,1003.85,0.43
2024-01-01 22:55:00,LOC_005,12.614551561657443,81.11074480179364,Agriculture,10.95,45.98,2.51,42.1,0,1005.36,0.62
2024-01-01 23:00:00,LOC_005,12.614551561657443,81.11074480179364,Agriculture,12.96,48.07,2.15,0.0,0,1006.43,0.25
2024-01-01 23:05:00,LOC_005,12.614551561657443,81.11074480179364,Agriculture,15.42,43.82,1.29,38.96,0,1010.75,0.76
2024-01-01 23:10:00,LOC_005,12.614551561657443,81.11074480179364,Agriculture,13.83,45.95,1.7,2.67,0,1021.15,0.6
2024-01-01 23:15:00,LOC_005,12.614551561657443,81.11074480179364,Agriculture,15.31,48.77,1.89,23.76,0,1012.74,0.52
2024-01-01 23:20:00,LOC_005,12.614551561657443,81.11074480179364,Agriculture,12.14,44.31,0.92,0.0,2,1012.16,0.3
2024-01-01 23:25:00,LOC_005,12.614551561657443,81.11074480179364,Agriculture,15.14,42.76,1.2,0.0,0,1012.47,0.57
2024-01-01 23:30:00,LOC_005,12.614551561657443,81.11074480179364,Agriculture,15.1,34.59,2.2,0.0,0,1012.29,0.63
2024-01-01 23:35:00,LOC_005,12.614551561657443,81.11074480179364,Agriculture,13.81,47.53,1.73,0.0,0,1005.36,0.57
2024-01-01 23:40:00,LOC_005,12.614551561657443,81.11074480179364,Agriculture,12.58,48.76,2.4,22.37,0,1013.06,0.41
2024-01-01 23:45:00,LOC_005,12.614551561657443,81.11074480179364,Agriculture,13.63,41.13,1.37,12.88,0,1008.59,0.6
2024-01-01 23:50:00,LOC_005,12.614551561657443,81.11074480179364,Agriculture,13.52,53.79,0.1,0.0,0,1013.1,0.68
2024-01-01 23:55:00,LOC_005,12.614551561657443,81.11074480179364,Agriculture,13.44,41.25,0.91,0.0,1,1008.42,0.39
